Name,URL,Status,Date,PageTitle
0mega,https://0mega.cc/,active,2026-01-09,
3am,http://threeam7fj33rv5twe5ll7gcrp3kkyyt6ez5stssixnuwh4v3csxdwqd.onion/,active,2026-01-09,Enter the key
abyss-data,http://3ev4metjirohtdpshsqlkrqcmxq6zu3d7obrdhglpy5jpbr7whmlfgqd.onion,active,2026-01-09,Abyss-data
abyss-data,http://46vfmzfh3uxc3ojn6z267jmiytfhxzq4x7vvnqtycu5wa6hh3jl2hjyd.onion/,active,2026-01-09,Hello
abyss-data,http://7lpodmzejui2scqfojx3voadc7fgrt2igww6ipjtnztfg6hprnmel5yd.onion/,active,2026-01-09,Hello
abyss-data,http://ah73jnvhuoznb4n3srbtspsgrdyyde2xszywcjryjroz4wixhwmdrjad.onion/,active,2026-01-09,Hello
abyss-data,http://co57gakeanqglrzvpyt2lltalirl3y522hyjxah3aqv4pidlzwdhzwid.onion/,active,2026-01-09,Hello
abyss-data,http://euujzkwziy777bg4oyiks2x3s5cxlydao6jhpilzdjmjohja3s4v7jid.onion/,active,2026-01-09,Hello
abyss-data,http://gzpjpapbvqcom6yrjnijfyzspfb7oyqt5xni4uxapwfsddw4n4v5wqyd.onion/,active,2026-01-09,Hello
abyss-data,http://l7f3ny5yedcm7zhgxzy34mihk6jvgwg7m6qj3cqw4nvky7xv5wttegyd.onion/,active,2026-01-09,Hello
abyss-data,http://s5v5hvtk3oyxg3m6afgxeuwlasqku3adeosv7kwwjfvhf22vqiwotrqd.onion/,active,2026-01-09,Hello
abyss-data,http://toczr6bmtfbgardwgcgbeqntumkxi3y2tsfbcstybf6xknd6cm6e32ad.onion/,active,2026-01-09,Hello
abyss-data,http://tycacxbqdhohowofueufbnekscyomymoxbr4wlim5cqpfv72z6popcid.onion/,active,2026-01-09,Hello
abyss-data,http://ub63kcmphxbm3m64wwhuznbxfap4hlgqtauhnf4rvz23cdnrqr4towid.onion/,active,2026-01-09,Hello
abyss-data,http://ufvi7hpcawesdklmommeeq4iokhq2km4hay3dwh4rirth5xaomle35id.onion/,active,2026-01-09,Hello
abyss-data,http://vnsggttwhcofyeh3nxoynxtg5mk5xl4cd7e3c4x62aqb2rj4rfjh3eqd.onion/,active,2026-01-09,Hello
abyss-data,http://y7fupmz3lx64ilnyvxbu73xigzdtc6fl2aee2duuf546duoo4nurv2id.onion/,active,2026-01-09,Hello
abyss-data,http://yehbrr7tnzrcpcq2fglrf73ug2jqhgngxnyv3clyhrswdwmg45p7fyad.onion,active,2026-01-09,Hello
abyss-data,http://zngbsq66uwem4qzyxpqb5rjo2xebnbwdku27nhmquryx6ljnbbedhiad.onion/,active,2026-01-09,Hello
ailock,http://vnsggttwhcofyeh3nxoynxtg5mk5xl4cd7e3c4x62aqb2rj4rfjh3eqd.onion,active,2026-01-09,Hello
akira,https://akiral2iz6a7qgd3ayp3l6yub7xx2uep76idk3u2kollpj5z3z636bad.onion/,active,2026-01-09,
akira,https://akiral2iz6a7qgd3ayp3l6yub7xx2uep76idk3u2kollpj5z3z636bad.onion/l,active,2026-01-09,
akira,https://akiralkzxzq2dsrzsrvbr2xgbbu2wgsmxryd4csgfameg52n7efvr2id.onion/,active,2026-01-09,/
alphv,http://he5dybnt7sr6cm32xt77pazmtm65flqy6irivtflruqfc5ep7eiodiad.onion,active,2026-01-09,Welcome | SecureDrop | Protecting Journalists and Sources
antibrok3rs,http://antibrok3rs.bearblog.dev/,active,2026-01-09,
antibrok3rs,http://antibrok3rs.ir/,active,2026-01-09,
aware,http://ui2uleaiisccbtcooyi34cy5u3plpd5wraiza6wtibolshuf7tnzziid.onion/,active,2026-01-09,Aware
benzona,http://cpjhb63lxycwbyus2n35ddyhdzxhf756l4rtwdttojzhzgppt3vpmsqd.onion/,active,2026-01-09,Downloads
benzona,http://rwsu75mtgj5oiz3alkfpnxnopcbiqed6wllyoffpuruuu6my6imjzuqd.onion/,active,2026-01-09,Support Chat
bianlian,http://bianlianvjr9vhy72f782342yvygfciusgfisgiygfs1bredw.i2p/,active,2026-01-09,I2Pd HTTP proxy
bjorka,https://bjork.ai/,active,2026-01-09,Bjork.ai for sale | Spaceship.com
bjorka,https://netleaks.net/,active,2026-01-09,Bjorka
bjorka,https://netleaks.net/contact/,active,2026-01-09,Contact | Bjorka
bjorka,https://netleaks.net/databases/,active,2026-01-09,Databases | Bjorka
black nevas,http://ctyfftrjgtwdjzlgqh4avbd35sqrs6tde4oyam2ufbjch6oqpqtkdtid.onion/,active,2026-01-09,Clist
black suit,http://c7jpc6h2ccrdwmhofuij7kz6sr2fg2ndtbvvqy4fse23cf7m2e5hvqid.onion,active,2026-01-09,This Site Has Been Seized
black suit,http://weg7sdx54bevnvulapqu6bpzwztryeflq3s23tegbmnhkbpqz637f2yd.onion,active,2026-01-09,This Site Has Been Seized
blackbyte-crux,http://dounczge5jhw4iztnnpzp54kd4ot3tikhjsimurtcewqssgye6vvrhqd.onion/,active,2026-01-09,504 Gateway Time-out
blackout,http://4qyjonpyksc52bc3fsgfgedssqgo4a6vlfsjknqnkncbyl4layqkqjid.onion/,active,2026-01-09,Index of /
blackout,http://ao5oo2luy6avdfomyw7hcegmfl4let2g5bzjqjzch6b5rpdshmuvccad.onion,active,2026-01-09,Index of /
blackout,http://black3gnkizshuynieigw6ejgpblb53mpasftzd6pydqpmq2vn2xf6yd.onion,active,2026-01-09,Blackout Blog
blackout,http://eleav2eq3ioyiuevbyvqaz3vruwvpislphszo4cm7n56itbpnupxngyd.onion,active,2026-01-09,Index of /
blackout,http://idep6vd7ywl7uruhsutqjdnjawe33hct35523rrmf73kb46xrhfb5sid.onion/,active,2026-01-09,Index of /
blackout,http://mu6se7h7qfwuqclr4cc6zy7qevod6gyk37aq5vwnayrtbx3qqycx2fyd.onion,active,2026-01-09,Index of /
blackout,http://rqqn25k3hgmfkh7ykjbmakjgidwweomr7cbpy6pfecpxs57r5iwzwtyd.onion,active,2026-01-09,Index of /
blackout,http://urey23jtg6z7xx3tiybmc4sgcim7dawiz2abl6crpup2lfobf7yb5wyd.onion,active,2026-01-09,Index of /
blackshrantac,http://b2ykcy2gcug4gnccm6hnrb5xapnresmyjjqgvhafaypppwgo4feixwyd.onion,active,2026-01-09,Black Shrantac
blackshrantac,http://jvkpexgkuaw5toiph7fbgucycvnafaqmfvakymfh5pdxepvahw3xryqd.onion,active,2026-01-09,Black Shrantac
brotherhood,http://2lb5n6bqncc4lu4grm46cpoqrq3yyuriyfzdwlemuajj6x6jbbsgrbqd.onion/,active,2026-01-09,Index of /
brotherhood,http://4n6h3qqewk6dlqribjmw64al5szeuyhcbbfoar37p3yr43hz365nwnyd.onion/,active,2026-01-09,Index of /
brotherhood,http://brohoodyaifh2ptccph5zfljyajjabwjjo4lg6gfp4xb6ynw5w7ml6id.onion/,active,2026-01-09,BrotherHood
brotherhood,http://cxhu5iruoa3vkmn4blslh4qzabs6jzk26esxnngzjdlquo2beu2nrhyd.onion/,active,2026-01-09,Index of /
brotherhood,http://eyh7wketm3dwqadwfv5dti3yewbr7smrepmavshjfohhc6qwub44knqd.onion/,active,2026-01-09,Index of /
brotherhood,http://lashkbx7rkjrvrhkch3oit37tg5dlzjx5eyo3scnmox7sg2v4nmldaad.onion/,active,2026-01-09,Index of /
brotherhood,http://n5yiabvtytglkrpvxgultoekllhpivoshu5glizwxvtvk4fkymdr6uqd.onion/,active,2026-01-09,Index of /
brotherhood,http://sj2wws6vnambuzjbvaqy5tyg6hp4mm2nwyc4wne356exwzgq6ayrjhqd.onion/,active,2026-01-09,Index of /
brotherhood,http://tb2utalqu7qwyk33o7hccjoszprt6fsrpggrbwwzi72bu6f5wocqqhyd.onion/,active,2026-01-09,Index of /
chaos,http://cdgi6zjox6zr5epk7k5rg673qduxy7dlkk7ws3n4vusspr5bmhx24aqd.onion/,active,2026-01-09,CHAOS
chaos,http://hptqq2o2qjva7lcaaq67w36jihzivkaitkexorauw7b2yul2z6zozpqd.onion/,active,2026-01-09,CHAOS
chaos,http://hptqq2o2qjva7lcaaq67w36jihzivkaitkexorauw7b2yul2z6zozpqd.onion/api/post/list,active,2026-01-09,
chaos,http://myz2p6mzvbawxggfmakgwshq3ohfk37zmgwjbft7ssggbf2tokonecad.onion/,active,2026-01-09,403 Forbidden
chaos,http://qf4p6ul3g7wyvynkxawlu7ganvgbk44myl35jqfa3aroass33dbvmdyd.onion/,active,2026-01-09,403 Forbidden
chaos,http://qf4p6ul3g7wyvynkxawlu7ganvgbk44myl35jqfa3aroass33dbvmdyd.onion/goosehead,active,2026-01-09,Index of /goosehead/
ciphbit,http://ciphbitqyg26jor7eeo6xieyq7reouctefrompp6ogvhqjba7uo4xdid.onion/,active,2026-01-09,CiphBit Data Leak
ciphbit,http://sonarmsng5vzwqezlvtu2iiwwdn3dxkhotftikhowpfjuzg7p3ca5eid.onion/contact/CiphBit,active,2026-01-09,Sonar - Encrypted communications
cloak,http://37izr5yow5d673agew22miyy3inbqncuv7gfp5372yciuzvadqef66yd.onion,active,2026-01-09,403 Forbidden
cloak,http://cii64fki62v2mudocjvgarzlmnpqrfp6xb7korapmdd7qmjpnccgduyd.onion,active,2026-01-09,403 Forbidden
cloak,http://cloak7jpvcb73rtx2ff7kaw2kholu7bdiivxpzbhlny4ybz75dpxckqd.onion,active,2026-01-09,403 Forbidden
cloak,http://e7gxrudyx2o733zlernyqqv623wyky5teor5xhnnx2g6dt4vf6jwn2yd.onion,active,2026-01-09,403 Forbidden
cloak,http://glrw7ip5gz2fv2njbiqfvg5uiwavllw5zuixko4yrpj5hta7fjwqpjqd.onion,active,2026-01-09,403 Forbidden
cloak,http://heac3upmfv33scnkeek64dqdx2cblv7z256aezluyvgtwsxi2o3coiid.onion/,active,2026-01-09,403 Forbidden
cloak,http://hmxt5u75kj5qxqjqhckgaoda6zndgxcazleersyioat4iuq3ldgmkcid.onion,active,2026-01-09,403 Forbidden
cloak,http://jrmayo7rvsx6sbv36djpdge6iwuem67dhccpctera2ykmqr6kplhayad.onion,active,2026-01-09,403 Forbidden
cloak,http://ljrswxeei4isir3s5i7xmlzpx6sabmkgd7mvjrimcqwu7rqpn7bdjfad.onion,active,2026-01-09,403 Forbidden
cloak,http://necnstpnzuaovjocmiuv7ned7bstczit3kkvotqxl53xo5rfohndlvid.onion,active,2026-01-09,403 Forbidden
cloak,http://piatupks5hai3oafo66xlj2eg2fbzjqy2j7gy3nyhqmnthlrwvrsolad.onion,active,2026-01-09,403 Forbidden
cloak,http://puzhh5aykks65qneqantprbqjt6k5bnigmwqwv6yvkxvkfu4ivva5mid.onion,active,2026-01-09,403 Forbidden
cloak,http://qx2b2on5phkj4jczfpzfkb5cuhxn7wfqbgdu27pmxyzamoim3jqff6qd.onion,active,2026-01-09,403 Forbidden
cloak,http://sclj2rax5ljisew3v4msecylzo7iieqw25kcl7io4szei4qcujxixaid.onion,active,2026-01-09,403 Forbidden
cloak,http://uss2a5zyeth7sop57zhgqcyafmnbkmoknps3i7anusze77zppp4bf5yd.onion/,active,2026-01-09,403 Forbidden
cloak,http://vicjwr6abknvcfjomocyb3koloidahc3hidwt5sq2ytwk7yepwfzlsid.onion,active,2026-01-09,403 Forbidden
cloak,http://xyy2fymbdytltylyuicasuvw7vw3gtgm3cvvjskh4jnzfg3gp7dqgnqd.onion,active,2026-01-09,403 Forbidden
cloak,http://ztqugnw4upfmd6mu3l6sdz2mfvzxzouhwgqqowyjeedgsmz733dqq2ad.onion,active,2026-01-09,403 Forbidden
clop,http://frgp3f3u2ddafv4ny7tqn6tc674m6fyymyywoaxot7xskbjmiyhhsyqd.onion/,active,2026-01-09,
clop,http://htmxyptur5wfjrd7uvg23snupub2pbtlfelk45n37b3augl2w4eearid.onion/remote0/,active,2026-01-09,
clop,http://santat7kpllt6iyvqbr7q4amdv6dzrh6paatvyrzl7ry3zm72zigf4ad.onion/,active,2026-01-09,DDOS Protection
coinbase cartel,http://fjg4zi4opkxkvdz7mvwp7h6goe4tcby3hhkrz43pht4j3vakhy75znyd.onion/,active,2026-01-09,System Breach • Coinbasecartel
contfr,http://zprxx7sfc26rufggreanowmme5qqouqegr2efnko6erycquwvpq5egid.onion/,active,2026-01-09,ContFR - RAAS
conti,http://continews.click,active,2026-01-09,continews.click | 521: Web server is down
cry0,http://cryoblogedawivdcknyd4jsjxkrx3xrqqltxla6wwjjnzm3f3jaxjzqd.onion/,active,2026-01-09,CRY0 BLOG
daixin,http://7ukmkdtyxdkdivtjad57klqnd3kdsmq6tp45rrsxqnu76zzv3jvitlqd.onion,active,2026-01-09,Data Leak
daixin,http://7ukmkdtyxdkdivtjad57klqnd3kdsmq6tp45rrsxqnu76zzv3jvitlqd.onion/,active,2026-01-09,Data Leak
darkwave,http://sm76tw7iliyprkyeywcac4s6fnqrkyujyezi3xdr4bkebz5edi2kh6ad.onion/,active,2026-01-09,DarkWave
datacarry,http://dcarryhaih5oldidg3tbqwnde4lxljytnpvberrwgj2vlvunopd46dad.onion/,active,2026-01-09,DATACARRY
direwolf,http://direwolf66s5zealav7azcyqeipiswecvvnapyuby3dek473kyqfucad.onion,active,2026-01-09,DireWolf Negotiation System - Login
direwolf,http://direwolfcdkv5whaz2spehizdg22jsuf5aeje4asmetpbt6ri4jnd4qd.onion/,active,2026-01-09,DireWolf
direwolf,http://direwolfgpyqohwxwoetsz7a6p72diu32c3wfysqdx4ei6bwft7zh3yd.onion/,active,2026-01-09,File Browser
dragonforce,http://dragonforxxbp3awc7mzs5dkswrua3znqyx5roefmi4smjrsdi22xwqd.onion,active,2026-01-09,DragonForce | Leaks
dragonforce,http://fsguestuctexqqaoxuahuydfa6ovxuhtng66pgyr5gqcrsi7qgchpkad.onion/,active,2026-01-09,
dragonforce,http://z3wqggtxft7id3ibr7srivv5gjof5fwg76slewnzwwakjuf3nlhukdid.onion/blog,active,2026-01-09,DragonForce | Blog
egregor,http://egregornews.com,active,2026-01-09,Welcome page
embargo,http://3kt5ouf4qxdkuzsct6zp3jxsqmtaqjsun3uvfdwbeuo2yizjp73ripyd.onion/,active,2026-01-09,Index of /
embargo,http://4q5tsu5o3msmv4am4dfhupwhzlyg7wv3lpswbvbhcrknr4ega7xetxad.onion/,active,2026-01-09,
embargo,http://5dw7bszmidrhpoltqbqmpixpz6mvgez3mr6xc7ktval2glrmbxkwopad.onion/,active,2026-01-09,Index of /
embargo,http://6cs2fy7brjjx3fza7ny2vyhbkaxtn6rdx4p4js2lbgyhke7z4aslxtid.onion/,active,2026-01-09,Index of /
embargo,http://73klffkonzmo6csfca75k67rniemcvlc2ydnfnkk54cqnkmdk2yqxqad.onion/,active,2026-01-09,Index of /
embargo,http://7jkcp27353enwfwdemqgsevyjbtz5cxv66n5ctfgd37h2mdxbhhiluyd.onion/,active,2026-01-09,Index of /
embargo,http://7t635vqx6zm733ryjj5jm6hnavlw2it3umi3zmbq6gd6nhaeaylsbsyd.onion/,active,2026-01-09,Index of /
embargo,http://a3kvb22nuhfgaluy6uzufrjn3azzsu7tylszdbyne3kiextdmxz4nnyd.onion/,active,2026-01-09,EMBARGO
embargo,http://ec6edgevw2lzqy4ipafpbvjuu7r6ugqbljqokl3pvecc6c3a5ix3wgyd.onion/,active,2026-01-09,Index of /
embargo,http://embargobe3n5okxyzqphpmk3moinoap2snz5k6765mvtkk7hhi544jid.onion/,active,2026-01-09,EMBARGO
embargo,http://embargobe3n5okxyzqphpmk3moinoap2snz5k6765mvtkk7hhi544jid.onion/api/blog/get,active,2026-01-09,
embargo,http://fanr4dyego253yx5pmbc7krct6qzq3hqfrchvj5fafiwalvjijfgsmid.onion/,active,2026-01-09,Index of /
embargo,http://g7hva5likuonhljhh3sp2nvg7pezpu45vpxjccgihevwpb4fi2napqad.onion/,active,2026-01-09,Index of /
embargo,http://jolfnfw6lmcjsppgjfimhimqt2t7viybk67yc5zkxip6fxrcgo7mv4id.onion/,active,2026-01-09,Index of /
embargo,http://olpvpdu4dotl54dereuembantzyjqzftjqj2ovvlfgcvw23qknuxzjad.onion/,active,2026-01-09,Index of /
embargo,http://orxo6qmizqa43suoox3xteu6645y4zf2bpvnsutb2yq3n2lpprw2x7yd.onion/,active,2026-01-09,Index of /
embargo,http://p474ku5ehoex7mfsbdenppakbb4twvrnvggjzhp53xw4z5qq6glm4yad.onion/,active,2026-01-09,Index of /
embargo,http://qk5nd25xdnygqrey7al2tb3xop5brk7kxua7xr2zrgftzked43bku4yd.onion/,active,2026-01-09,Index of /
embargo,http://rlseptkjo5yt2c3m4ov7hmhxmb2uia3cic3ohq2u5tmb2uv4enovhfid.onion/,active,2026-01-09,Index of /
embargo,http://vh2wkazjlflm6pvwtvw2fnztu3dcw4346lasvikzeg25yhx6bjvl5pqd.onion/,active,2026-01-09,Index of /
embargo,http://wg55rcy2chmbpeh6pl5pftnveac2lqfxbletrtzanfjhhmvcjnn5tcqd.onion/,active,2026-01-09,Index of /
embargo,http://wsw3zgmaw32cjt4j4iwwpg7td7qgrh2fp2p34pvhupyqke6ilepsnqad.onion/,active,2026-01-09,Index of /
embargo,http://y6kyfs2unbfcyodzjrxadn4w5vyulhyotdi5dtiqulxbduujehupunqd.onion/,active,2026-01-09,Index of /
embargo,http://z2b75lk7xf6kme3zfvlmdmpwiaansnkcuhsojd23dgub5md24fhogcyd.onion/,active,2026-01-09,Index of /
eraleign (apt73),http://bashe4aec32kr6zbifwd5x6xgjsmhg4tbowrbx4pneqhc5mqooyifpid.onion,active,2026-01-09,
eraleign (apt73),http://bashe4aec32kr6zbifwd5x6xgjsmhg4tbowrbx4pneqhc5mqooyifpid.onion/,active,2026-01-09,
eraleign (apt73),http://bashed52orwi7qoyvmcfkdnuaogta4inpojfd6cthzkp4qpsq64ux4ad.onion,active,2026-01-09,
eraleign (apt73),http://bashedl53memptddxzb4kr5mnkzse4fmhpqeq7jb4srndswar46nofid.onion,active,2026-01-09,
eraleign (apt73),http://bashefe5uezp2jtxpk24b2pyfnnfyguicgrgqufgu57mfluegotbeayd.onion,active,2026-01-09,
eraleign (apt73),http://bashei5oy4zvmf2letnupwhgprdkjyssm3zxj2oyr6wfezkf3elehzqd.onion,active,2026-01-09,
eraleign (apt73),http://basheqtvzqwz4vp6ks5lm2ocq7i6tozqgf6vjcasj4ezmsy4bkpshhyd.onion/,active,2026-01-09,BASHE
eraleign (apt73),http://basherq53eniermxovo3bkduw5qqq5bkqcml3qictfmamgvmzovykyqd.onion,active,2026-01-09,BASHE
eraleign (apt73),http://basherykagbxoaiaxkgqhmhd5gbmedwb3di4ig3ouovziagosv4n77qd.onion,active,2026-01-09,BASHE
eraleign (apt73),http://bashete63b3gcijfofpw6fmn3rwnmyi5aclp55n6awcfbexivexbhyad.onion,active,2026-01-09,BASHE
eraleign (apt73),http://bashex7mokreyoxl6wlswxl4foi7okgs7or7aergnuiockuoq35yt3ad.onion,active,2026-01-09,BASHE
everest,http://ransomocmou6mnbquqz44ewosbkjk3o5qjsl3orawojexfook2j7esad.onion/,active,2026-01-09,
evolution,http://ui2uleaiisccbtcooyi34cy5u3plpd5wraiza6wtibolshuf7tnzziid.onion,active,2026-01-09,Aware
funksec,http://funkiydk7c6j3vvck5zk2giml2u746fa5irwalw2kjem6tvofji7rwid.onion/,active,2026-01-09,New Address Blog
funksec,http://funknqn44slwmgwgnewne6bintbooauwkaupik4yrlgtycew3ergraid.onion/,active,2026-01-09,New Address Blog
funksec,http://funkxxkovrk7ctnggbjnthdajav4ggex53k6m2x3esjwlxrkb3qiztid.onion/,active,2026-01-09,New Address Blog
genesis,http://genesis6ixpb5mcy4kudybtw5op2wqlrkocfogbnenz3c647ibqixiad.onion/,active,2026-01-09,GENESIS
gunra,http://gunrabxbig445sjqa535uaymzerj6fp4nwc6ngc2xughf2pedjdhk4ad.onion/,active,2026-01-09,Public Data Share
gunra,http://nsnhzysbntsqdwpys6mhml33muccsvterxewh5rkbmcab7bg2ttevjqd.onion,active,2026-01-09,Negotiation Management System
handala,http://handala-hack.to,active,2026-01-09,Handala Hack Team – Free Palestine
handala,http://vmjfieomxhnfjba57sd6jjws2ogvowjgxhhfglsikqvvrnrajbmpxqqd.onion,active,2026-01-09,Handala Hack Team – Free Palestine
handala,https://handala.to/,active,2026-01-09,
homeland,http://homelandjustice.ru,active,2026-01-09,403 Forbidden
imn crew,http://ho7yirtlkkkytbzkn4bklwuxlu6n3eatkhvvlgjaoub2kvlm3qjq.b32.i2p,active,2026-01-09,I2Pd HTTP proxy
inc ransom,http://incbacg6bfwtrlzwdbqc55gsfl763s3twdtwhp27dzuik6s6rwdcityd.onion,active,2026-01-09,
inc ransom,http://incblog6qu4y4mm4zvw5nrmue6qbwtgjsxpw6b7ixzssu36tsajldoad.onion/blog/disclosures,active,2026-01-09,Disclosures
interlock,http://24nmjyf6g5otaydjtintzmqv3qme3fnrt62ui2anqdz2hmxnwps4e2ad.onion/,active,2026-01-09,
interlock,http://2yhjemwks5pkrev5mzwo6cgfqvz2xnrvka2nxursjadn26p3o2k64ryd.onion/,active,2026-01-09,
interlock,http://3y5p4cq7bke5exre4smsgueqzfwdy7u4z3rp7o3dgxm27lhsx6vqraid.onion/,active,2026-01-09,
interlock,http://4uc4rp7p6u4qsizcjpiyif4r5jxt54rejvs2qcljtnqfogiovtpfdpyd.onion/,active,2026-01-09,
interlock,http://5nfm2urc2cwnr6ydie2airqozhggno3dagswnndb4efh4d4w7adapcid.onion/,active,2026-01-09,
interlock,http://5s2rv76limdt3eelmoh2vw6xovckjl563tjdifplvyxezdchcyn5xxyd.onion/,active,2026-01-09,
interlock,http://6476eeaclqfjhnlusdwcui7i5mqxmo6i4evxi7jhqxemx2s6rtucxead.onion/,active,2026-01-09,
interlock,http://6mwjyc64rnkht3qc4bv7svpufmbvm3k73vekxgdlsbqzx5toueq3ndyd.onion/,active,2026-01-09,
interlock,http://6rv6jkdw762q7md7ryqi2ooqmv54ajlnevxl4ozgdvo7p6e2msndyxid.onion/,active,2026-01-09,
interlock,http://77tolkryntdehobn6ewnykd3cdbd5vkaf7v4mbycwnlykxxv6holl4id.onion/,active,2026-01-09,
interlock,http://ad7tx2oyln5g6yk7turvhjxhqvunfucuiq5iwzc5odlomft7tvysxvqd.onion/,active,2026-01-09,
interlock,http://bb2cul7lhepsndibwkjn2ngabetiwtisx3ctcrdq5hpr54oqu66vjeqd.onion/,active,2026-01-09,
interlock,http://d55ahmrs2mbfcmframropdz4epz3is77ex2fbkbowhrqtxv7knunkxqd.onion/,active,2026-01-09,
interlock,http://dnwvgf7jzohu4exrokw4wphxtd77wueiswgvtgzhqihvituzzjw4coyd.onion/,active,2026-01-09,
interlock,http://dzdzs6kv75adyeowpztwaih5t3fuwtccgdgvdv3mmhkh2lbxuznaldyd.onion/,active,2026-01-09,
interlock,http://ebhmkoohccl45qesdbvrjqtyro2hmhkmh6vkyfyjjzfllm3ix72aqaid.onion/,active,2026-01-09,Interlock
interlock,http://ebhmkoohccl45qesdbvrjqtyro2hmhkmh6vkyfyjjzfllm3ix72aqaid.onion/leaks.php,active,2026-01-09,Interlock
interlock,http://ebhmkoohccl45qesdbvrjqtyro2hmhkmh6vkyfyjjzfllm3ix72aqaid.onion/support/step.php,active,2026-01-09,Interlock
interlock,http://ernx4wj3gzhlqxhlrsrsfxe3hd275uny7w3yorhbgwp7jlsxv23rolqd.onion/,active,2026-01-09,
interlock,http://f4fjja74gn766x5fwxqepl4aa7wyzuu3tj6fllt6oy6j5e27zxwskeid.onion/,active,2026-01-09,
interlock,http://ff3sx2vy5bpyiso756gndde6bt7i2diqzlwz5augagvkyykevy4326qd.onion/,active,2026-01-09,
interlock,http://glsvddrnd4qu56uhx65mrepgaoer6vtfr6q6qgsbpnml3b3fm2h7lcid.onion/,active,2026-01-09,
interlock,http://gobj3ph5sj332iithgescrsejiszhaey5l4ffwnou4nwanbcf37phdqd.onion/,active,2026-01-09,
interlock,http://hhzt3me6rtxg5rwjbikojbxioosmiprsjrd25ovjhxirx4ocjdwuoqad.onion/,active,2026-01-09,
interlock,http://hm5c4dgtsiieuxnbaieinkokhcwryspk5xzqknm53ocahyxaddlfwsad.onion/,active,2026-01-09,
interlock,http://jqtid6srueyxf6vwllcjdqip34usp2pulacs32wdo3moayl7r7mexjid.onion/,active,2026-01-09,
interlock,http://kjmofzzu4mhhuprggcdfex2zdgzwrtkn6d4ead7zgfh36vjrm56zskad.onion/,active,2026-01-09,
interlock,http://mdwmuf62db2xmuwsfdfsu54dek5amtuig74rvhvgyysh3tbjocq72pqd.onion/,active,2026-01-09,
interlock,http://mpyeixjqjufjki2qg7dutvxk6tjjzv2jf7qc63bljzfqrtbjcdktziqd.onion/,active,2026-01-09,
interlock,http://mt6vixiaaupvpbqfft6r7kyvumlpiim5k4j26j2mpvoskar4keanuhad.onion/,active,2026-01-09,
interlock,http://of5rslzmymbsdny4iyq23xp476s5i4wgxnq3dkasq4ttorpk4isf4bqd.onion/,active,2026-01-09,
interlock,http://ojzzeir4smqznsfsrg6xu5vcpsx4z2ue7yfgk7zf3tiqe3cp65mxe7yd.onion/,active,2026-01-09,
interlock,http://pqb54aeitnoiikcsourdmnpawuk55pa7w3a37dyyii2yrqh2nrx6qfid.onion/,active,2026-01-09,
interlock,http://pzbd27cw7pkctovnmfaoeldjf32bc63mwqwhcxcftkqntest2bkkuaid.onion/,active,2026-01-09,
interlock,http://qfxx5gxyh53a32itguxez6dqcsm3vkrron3nmxhzkn3g64qld5lijoyd.onion/,active,2026-01-09,
interlock,http://qj7qf42blj4a26uf5irazkxbivtutvg4vgkd4zbzbtu4nkipwkdtcsid.onion/,active,2026-01-09,
interlock,http://r6bldqhpune45yj6eeafxmrhszjzgijtoxgw256zpe44tqnj5popbaqd.onion/,active,2026-01-09,
interlock,http://rz7tnory6tdtd6jtyav7giryrvitrzryt36qjpb3fznoy6qbo44i3yqd.onion/,active,2026-01-09,
interlock,http://sexquqf4dcwtgv2spjguu4msvawaxrmlmjfiyciuthhtjmwim7i6b4id.onion/,active,2026-01-09,
interlock,http://siveyggnpoei2ehkmov6jri265tlaeyxfvlqnwrsgawgwmia44pmvcqd.onion/,active,2026-01-09,
interlock,http://smfqmccqa5go2vm4ern426rcc2med7einerpt5unpv5zr222fwmz6jid.onion/,active,2026-01-09,
interlock,http://socqxduah5lbzgyuhg2qn5nikufg2taerdjzxx3scwxbng2haw4nyiid.onion/,active,2026-01-09,
interlock,http://sogw6fz6swsg42esmor63wj3iijpmoydt7sizwgzf2k6na6nglqt52ad.onion/,active,2026-01-09,
interlock,http://soyjfzmmhadt7v4xugqhhl55kiebrjprjypwwbcun5nehmdabquumiqd.onion/,active,2026-01-09,
interlock,http://tb7u2kklhck3j4wlf7d32p5s7dbiear34rew4dpebljyl3xomkce4yyd.onion/,active,2026-01-09,
interlock,http://u2q76zahlrpgvktr3i2j6o2emzcre67et2kvz43kj2gbrhokc2othqyd.onion/,active,2026-01-09,
interlock,http://u4d4ep4azlkdl3yexoe3dqdod4be3coupi6ksvdjhvisyx5imeec2nqd.onion/,active,2026-01-09,
interlock,http://v64ygsm7lhc6atz5tbm2xubb5qxzt22abdkceanirbavjqvkximxbeyd.onion/,active,2026-01-09,
interlock,http://vdo2l4ujgxfcucbhnzdd4745sbbd2vnnkj4csyf5blds2qomguubx5yd.onion/,active,2026-01-09,
interlock,http://vecdwhichsjnv3x7t5b4o2hk23iwjurmcp2wrwd25jp3smvsth6e6nid.onion/,active,2026-01-09,
interlock,http://vhs6omcvvqdtmgae5cvpy4jfxfrw2l4b7e64j7fn7xeaqeppzab67oad.onion/,active,2026-01-09,
interlock,http://viqh6qmehdkpn7jrfhthyejxtg3gd5hg4bch7sjetvkdaipeu3k6anad.onion/,active,2026-01-09,
interlock,http://vnka63n2nkyrsiigq5mvvvum6ch6czbb4liumk2gvicw5pts3a2ffwyd.onion/,active,2026-01-09,
interlock,http://vubcpscmz2hveptwsv3voi6l3blgior6jk4kxe5zwnz23siofqwvw7yd.onion/,active,2026-01-09,
interlock,http://wp5yyng6znkcsijil5w4bug7b6uww573ut3czz3amjpfdusnuu4u5kad.onion/,active,2026-01-09,
interlock,http://x6obl6pfmqsasvwj72hr22s2mpsdaklwkoa46zk3h7kbkcznu6whdmad.onion/,active,2026-01-09,
interlock,http://xbgiykmt3v25qkspndphfdktiezfeesq6t45ewsrizid5s37ljgs25ad.onion/,active,2026-01-09,
interlock,http://xg6f26wud5ah7dirviynwjd2r6ue6d2qgxur6lhva4heh4od26cnqmid.onion/,active,2026-01-09,
interlock,http://y3zfr23ubg7zvzdlo2incm55ro2ybtmzth67eklxpxo55aux2jiqpbid.onion/,active,2026-01-09,
interlock,http://ycgykop5f4te6yaptg57ze75kgnqo6u2e3yyeo3hkjgjxakjx2g5ksqd.onion/,active,2026-01-09,
interlock,http://yzyeh2yjj3ku7lgricfbg7vbhc4fy3s6icoccb7272tsoz3pggrek7qd.onion/,active,2026-01-09,
interlock,http://zsjvoqymwx5gdwntsrrk3pvnkfyoxy3knhoxitpdaobxznwc5iwcj4id.onion/,active,2026-01-09,
interlock,http://zvcj6cc6qs3zxk25uq4wq22cxu7gwu5zsevn7jdizinoomem34vmvbid.onion/,active,2026-01-09,
interlock,http://zwvr7nt32hari3532hmqp6eh65ajiytpqjn6iyfby3relsnebdhurcyd.onion/,active,2026-01-09,
j group,http://w4d5aqmdxkcsc2xwcz7w7jo6wdmvmakgy3y6mfmdtzmyvxe77cjkfbad.onion/,active,2026-01-09,J
j group,https://share.jtor.xyz/torrents/,active,2026-01-09,jtor.xyz | 526: Invalid SSL certificate
justice_blade,https://justice-blade.io,active,2026-01-09,Just a moment...
kairos,http://khom5v7vmc2nomkze64dsbyenn3wlxkewg6dbsvt5sujl2rmrtfy4oid.onion/,active,2026-01-09,Index
kairos,http://nerqnacjmdy3obvevyol7qhazkwkv57dwqvye5v46k5bcujtfa6sduad.onion,active,2026-01-09,Kairos
kairos,http://nerqnacjmdy3obvevyol7qhazkwkv57dwqvye5v46k5bcujtfa6sduad.onion/services/,active,2026-01-09,
kairos,http://whodusp3s2z6rnenxhv7scc2w5fzsse5cmijll2vl7fo6ezk45zssjqd.onion/,active,2026-01-09,Files
karakurt,https://karaleaks.com,active,2026-01-09,
kazu,http://6czlbd2jfiy6765fbnbnzuwuqocg57ebvp3tbm35kib425k4qnmiiiqd.onion/,active,2026-01-09,Kazu - Home page
kelvin security,https://kelvinsecteamcyber.wixsite.com/my-site/items,active,2026-01-09,404 Error: Page Not Found | Wix.com
killsec3,http://ks5424y3wpr5zlug5c7i6svvxweinhbdcqcfnptkfcutrncfazzgz5id.onion,active,2026-01-09,
killsec3,http://ks5424y3wpr5zlug5c7i6svvxweinhbdcqcfnptkfcutrncfazzgz5id.onion/posts.php,active,2026-01-09,KillSec
killsec3,http://xo4o2o2ezgydykywn6zkyqx7toio6z5rzvmjyakgtgkk22vv7223jmqd.onion/,active,2026-01-09,403 Forbidden
kraken,http://2lqlecl4q4hkrb3rl5p27b4hptnz7lqaaux5uca3g6pylpqlhqyafvad.onion/,active,2026-01-09,Index of /
kraken,http://2teh35rkn63fvigugpqroctxol2yfn745k57jmk23d42fwuujpfpnpid.onion/,active,2026-01-09,Index of /
kraken,http://3cxvgnwvbzzfm2abzxidi76uib53vsjudsavgzm4viaj26drkcdl6wad.onion/,active,2026-01-09,Index of /
kraken,http://74fwiwaeqvtuf6uddankq5pzq637zpput3qxzq36fcxkhltq5plcxdqd.onion/,active,2026-01-09,Index of /
kraken,http://ab2v4xzffr24pdmswqzrbg45pwsget4h7eyd4swxewuqbxmlwcju7lad.onion/,active,2026-01-09,Index of /
kraken,http://cjhuttkivmtrf6itrmyoqnxw55isy3dh6u5ifc3fnhajp7lwn5deflid.onion/,active,2026-01-09,Index of /
kraken,http://ebcbyeua65jtsnbsqsjahurkfj6yndhcwnnfxvwwg4yegb5h7fxjc5ad.onion/,active,2026-01-09,Index of /
kraken,http://fk5c3gxraixjl3p7zacchn4jvew35vxo5xpedqf2qtlynsheqymampid.onion/,active,2026-01-09,Index of /
kraken,http://ko3lwb6glib74kmol5ov5cphabwqmifb5lnjw4bvj75jpfigrfbn7gid.onion/,active,2026-01-09,Index of /
kraken,http://krakenccj3wr23452a4ibkbkuph4d6soyx2xgjoogtuamc3m7u7wemad.onion/,active,2026-01-09,Kraken leak blog
kraken,http://kxntyq6yyfomjoqqya6px7pgc6mbfcbaejryxhiwpntcnlr7hopqj3yd.onion/,active,2026-01-09,Index of /
kraken,http://mvr2bidstp52pkaybzccjueux4hqbkukuqiss6vhn72qwqruzc7awsid.onion/,active,2026-01-09,Index of /
kraken,http://t3uouzfvsaqurb2rzoe2mkpetp54d7lgtl45ply34v5lugsnzysmkhid.onion/,active,2026-01-09,Index of /
kraken,http://vmnnrqf3gs3kl2kfnxatughwmnlyq6qxzyx24ylyh2w36vw3gqwqjpqd.onion/,active,2026-01-09,Index of /
kraken,http://wkqvktnmr2slazl76opbkdli4ia6gznhxln2z5wny54hf4kzjwgqvxyd.onion/,active,2026-01-09,Index of /
kraken,http://yjsknaecbmhvrsagrcwqelpojnbcllt6v27vxebxhnotd3wu67onc5qd.onion/,active,2026-01-09,Index of /
kraken,http://zq3k4odlfpbzc5y4sxqgolivelxepceaakru3xqo4ll2czmvvtek2ryd.onion/,active,2026-01-09,Index of /
kyber,http://kyblogtz6k3jtxnjjvluee5ec4g3zcnvyvbgsnq5thumphmqidkt7xid.onion,active,2026-01-09,CAPTCHA Verification
kyber,http://mlnmlnnrdhcaddwll4zqvfd2vyqsgtgj473gjoehwna2v4sizdukheyd.onion,active,2026-01-09,
lapsus$,https://t.me/minsaudebr,active,2026-01-09,Telegram: Contact @minsaudebr
late.lol,https://late.lol,active,2026-01-09,s0cial.com
leaknet,http://bnlluetsuf6pv7mchgue46h43v66uxtccpg3n5vcdzbeqften5cedlid.onion/,active,2026-01-09,
leaknet,http://nleakk6sejx45jxtk7x6iyt65hwvfrkifc5v7ertdlwm3gttbpvlvxqd.onion/,active,2026-01-09,News Blog
linkc,http://iywqjjaf2zioehzzauys3sktbcdmuzm2fsjkqsblnm7dt6axjfpoxwid.onion/,active,2026-01-09,Linkc Pub
lockbit3,http://lockbit3753ekiocyo5epmpy6klmejchjtzddoekjlnt6mu3qh4de2id.onion/,active,2026-01-09,LockBit BLOG
lockbit3,http://lockbit3753ekiocyo5epmpy6klmejchjtzddoekjlnt6mu3qh4de2id.onion/pgp.txt,active,2026-01-09,
lockbit3,http://lockbit3g3ohd3katajf6zaehxz4h4cnhmz5t735zpltywhwpc6oy3id.onion/,active,2026-01-09,LockBit BLOG
lockbit3,http://lockbit3olp7oetlc4tl5zydnoluphh7fvdt5oa6arcp2757r7xkutid.onion,active,2026-01-09,LockBit BLOG
lockbit3,http://lockbit435xk3ki62yun7z5nhwz6jyjdp2c64j5vge536if2eny3gtid.onion,active,2026-01-09,LockBit BLOG
lockbit3,http://lockbit4lahhluquhoka3t4spqym2m3dhe66d6lr337glmnlgg2nndad.onion,active,2026-01-09,LockBit BLOG
lockbit3,http://lockbit6knrauo3qafoksvl742vieqbujxw7rd6ofzdtapjb4rrawqad.onion,active,2026-01-09,LockBit BLOG
lockbit3,http://lockbit7ouvrsdgtojeoj5hvu6bljqtghitekwpdy3b6y62ixtsu5jqd.onion,active,2026-01-09,LockBit BLOG
lockbit3,http://lockbit7z2mmiz3ryxafn5kapbvbbiywsxwovasfkgf5dqqp5kxlajad.onion,active,2026-01-09,LockBit - Leaked
lockbit3,http://lockbit7z355oalq4hiy5p7de64l6rsqutwlvydqje56uvevcc57r6qd.onion,active,2026-01-09,LockBit - Leaked
lockbit3,http://lockbit7z36ynytxwjzuoao46ck7b3753gpedary3qvuizn3iczhe4id.onion,active,2026-01-09,LockBit - Leaked
lockbit3,http://lockbit7z37ntefjdbjextn6tmdkry4j546ejnru5cejeguitiopvhad.onion,active,2026-01-09,LockBit - Leaked
lockbit3,http://lockbit7z3azdoxdpqxzliszutufbc2fldagztdu47xyucp25p4xtqad.onion,active,2026-01-09,LockBit - Leaked
lockbit3,http://lockbit7z3hv7ev5knxbrhsvv2mmu2rddwqizdz4vwfvxt5izrq6zqqd.onion,active,2026-01-09,LockBit - Leaked
lockbit3,http://lockbit7z4bsm63m3dagp5xglyacr4z4bwytkvkkwtn6enmuo5fi5iyd.onion,active,2026-01-09,LockBit - Leaked
lockbit3,http://lockbit7z4cgxvictidwfxpuiov4scdw34nxotmbdjyxpkvkg34mykyd.onion,active,2026-01-09,LockBit - Leaked
lockbit3,http://lockbit7z4k5zer5fbqi2vdq5sx2vuggatwyqvoodrkhubxftyrvncid.onion,active,2026-01-09,LockBit - Leaked
lockbit3,http://lockbit7z4ndl6thsct34yd47jrzdkpnfg3acfvpacuccb45pnars2ad.onion,active,2026-01-09,LockBit - Leaked
lockbit3,http://lockbit7z55tuwaflw2c7torcryobdvhkcgvivhflyndyvcrexafssad.onion,active,2026-01-09,LockBit - Leaked
lockbit3,http://lockbit7z57mkicfkuq44j6yrpu5finwvjllczkkp2uvdedsdonjztyd.onion,active,2026-01-09,LockBit - Leaked
lockbit3,http://lockbit7z5hwf6ywfuzipoa42tjlmal3x5suuccngsamsgklww2xgyqd.onion,active,2026-01-09,LockBit - Leaked
lockbit3,http://lockbit7z5ltrhzv46lsg447o3cx2637dloc3qt4ugd3gr2xdkkkeayd.onion,active,2026-01-09,LockBit - Leaked
lockbit3,http://lockbit7z6f3gu6rjvrysn5gjbsqj3hk3bvsg64ns6pjldqr2xhvhsyd.onion,active,2026-01-09,LockBit - Leaked
lockbit3,http://lockbit7z6qinyhhmibvycu5kwmcvgrbpvtztkvvmdce5zwtucaeyrqd.onion,active,2026-01-09,LockBit - Leaked
lockbit3,http://lockbit7z6rzyojiye437jp744d4uwtff7aq7df7gh2jvwqtv525c4yd.onion,active,2026-01-09,LockBit - Leaked
lockbit3,http://lockbitfsvf75glg226he5inkfgtuoakt4vgfhd7nfgghx5kwz5zo3ad.onion/,active,2026-01-09,LockBit File Share
lockbit3,http://lockbitpn4nmflibn4cooh4sydie6bpoy33tbxa3rjebryxc5vblkwyd.onion/,active,2026-01-09,LockBit Private Note
lockbit3,http://lockbitpn7doehfdzu3r2orcibdx6njq62aavkr4hgh3p6rednr5gfad.onion/,active,2026-01-09,LockBit Private Note
lockbit4,http://lockbitapo3wkqddx2ka7t45hejurybzzjpos4cpeliudgv35kkizrid.onion/,active,2026-01-09,LockBit 5.0 OUT!
lockbit5,http://lockbitapt67g6rwzjbcxnww5efpg4qok6vpfeth7wx3okj52ks4wtad.onion,active,2026-01-09,LockBit 5.0 blog DDOS Protection
lockbit5,http://lockbitfbinpwhbyomxkiqtwhwiyetrbkb4hnqmshaonqxmsrqwg7yad.onion/,active,2026-01-09,LockBit 5.0 lite panel DDoS protection
lockbit5,http://lockbitfsvf75glg226he5inkfgtuoakt4vgfhd7nfgghx5kwz5zo3ad.onion/,active,2026-01-09,LockBit File Share
lockbit5,http://lockbitsuppyx2jegaoyiw44ica5vdho63m5ijjlmfb7omq3tfr3qhyd.onion/,active,2026-01-09,LockBit 5.0 lite chat DDoS protection
lunalock,http://lunachataclss7bvlhk5zxs6pqpunxljeqhrn2bfl6wkhlwqxvgwgayd.onion/,active,2026-01-09,Enter Support ID
lunalock,http://lunalockcccxzkpfovwzifwxcytqkiuak6wzybnniqwxcmpsetpbetid.onion/,active,2026-01-09,Welcome to LunaLock | LunaLock
lynx,http://lynx25vsi4cxesh44chevu2qyguqcx4zrjsjd77cjrmbgn75xkv626yd.onion/login,active,2026-01-09,Lynx
lynx,http://lynx2m7xz73zpmlm5nddbokk6a55fh2nzjq2r5nk2hbdbk74iddqfiqd.onion/login,active,2026-01-09,Lynx
lynx,http://lynxad2seqpyu52lr5v7il4idasv23535a46s4bj65b3v7t5y6u5daqd.onion/login,active,2026-01-09,Lynx
lynx,http://lynxaeddweqscykez5rknrug6ui5znq4yoxof5qnusiatiyuqqlwhead.onion/login,active,2026-01-09,Lynx
lynx,http://lynxbk3nzrnph5z5tilsn3twfcgltqynaofuxgb5yt43vdu266z3vvyd.onion/login,active,2026-01-09,Lynx
lynx,http://lynxblogco7r37jt7p5wrmfxzqze7ghxw6rihzkqc455qluacwotciyd.onion/leaks,active,2026-01-09,Lynx
lynx,http://lynxblogijy4jfoblgix2klxmkbgee4leoeuge7qt4fpfkj4zbi2sjyd.onion/leaks,active,2026-01-09,Lynx
lynx,http://lynxblogmx3rbiwg3rpj4nds25hjsnrwkpxt5gaznetfikz4gz2csyad.onion/leaks,active,2026-01-09,Lynx
lynx,http://lynxblogoxllth4b46cfwlop5pfj4s7dyv37yuy7qn2ftan6gd72hsad.onion/leaks,active,2026-01-09,Lynx
lynx,http://lynxblogtwatfsrwj3oatpejwxk5bngqcd5f7s26iskagfu7ouaomjad.onion/leaks,active,2026-01-09,Lynx
lynx,http://lynxblogxstgzsarfyk2pvhdv45igghb4zmthnzmsipzeoduruz3xwqd.onion/leaks,active,2026-01-09,Lynx
lynx,http://lynxblogxutufossaeawlij3j3uikaloll5ko6grzhkwdclrjngrfoid.onion/leaks,active,2026-01-09,Lynx
lynx,http://lynxcdnjg43re373nltauhdqfbau25mwawsg42h4lswfe455uaznilad.onion/,active,2026-01-09,
lynx,http://lynxchatbykq2vycvyrtjqb3yuj4ze2wvdubzr2u6b632trwvdbsgmyd.onion/login,active,2026-01-09,Lynx
lynx,http://lynxchatde4spv5x6xlwxf47jdo7wtwwgikdoeroxamphu3e7xx5doqd.onion/login,active,2026-01-09,Lynx
lynx,http://lynxchatdy3tgcuijsqofhssopcepirjfq2f4pvb5qd4un4dhqyxswqd.onion/login,active,2026-01-09,Lynx
lynx,http://lynxchatdykpoelffqlvcbtry6o7gxk3rs2aiagh7ddz5yfttd6quxqd.onion/login,active,2026-01-09,Lynx
lynx,http://lynxchatfw4rgsclp4567i4llkqjr2kltaumwwobxdik3qa2oorrknad.onion/,active,2026-01-09,Lynx
lynx,http://lynxchatly4zludmhmi75jrwhycnoqvkxb4prohxmyzf4euf5gjxroad.onion/login,active,2026-01-09,Lynx
lynx,http://lynxchatohmppv6au67lloc2vs6chy7nya7dsu2hhs55mcjxp2joglad.onion/login,active,2026-01-09,Lynx
lynx,http://lynxcwuhva6qzlnj3m3qrcl6bgvnxpixg5vsikf53vutdf3ijuv2pxyd.onion/login,active,2026-01-09,Lynx
lynx,http://lynxcyys7c2np3b3er2wo6sufwoonmh6i3nykv53pst336c3ml4ycjqd.onion/login,active,2026-01-09,Lynx
lynx,http://lynxdehvlvrrtnhtpuy6bhrxffzvl5j7y7p3zl553slzq44lcb2jzkyd.onion/login,active,2026-01-09,Lynx
lynx,http://lynxhwtifuwxs2zejofpagvzxf7p2l3nhdi3zlrap3y2wsn5hqyfeuid.onion/login,active,2026-01-09,Lynx
lynx,http://lynxikczcyposxfz5a7hxbqxilsrtx7zdzwmhk5wcb5qoatbv2suizid.onion/login,active,2026-01-09,Lynx
lynx,http://lynxjamasdeyeeiusfgfipfivewc3l3u34hyiiguhdyj776mh535l4ad.onion/login,active,2026-01-09,Lynx
lynx,http://lynxk7rmhe7luff3ed7chlziwrju34pzc5hm452xhryeaeulc3wxc3ad.onion/login,active,2026-01-09,Lynx
lynx,http://lynxoifh5boac42m6xdoak6ne7q53sz7kgaaze7ush72uuetbnjg2oqd.onion/login,active,2026-01-09,Lynx
lynx,http://lynxroggpujfxy7xnlrz3yknphqgk4k5dy4rhaldgz2hpxyyy3ncuvad.onion/login,active,2026-01-09,Lynx
malas,http://malas2urovbyyavjzaezkt5ohljvyd5lt7vv7mnsgbf2y4bwlh72doqd.onion/atom.xml,active,2026-01-09,
malas,http://malas2urovbyyavjzaezkt5ohljvyd5lt7vv7mnsgbf2y4bwlh72doqd.onion/posts/,active,2026-01-09,Posts | Somos malas... podemos ser peores
maze,https://mazedecrypt.top/,active,2026-01-09,
medusa,http://7aqabivkwmpvjkyefonf3gpy5gsubopqni7kcirsrq3pflckxq5zz4id.onion/,active,2026-01-09,Human Verify
medusa,http://osintcorp.net,active,2026-01-09,
medusa,http://s7lmmhlt3iwnwirxvgjidl6omcblvw2rg75txjfduy73kx5brlmiulad.onion,active,2026-01-09,Human Verify
medusa,http://uyku4o2yg34ekvjtszg6gu7cvjzm6hyszhtu7c55iyuzhpr4k5knewyd.onion/,active,2026-01-09,Medusa Chat
medusa,http://xfv4jzckytb4g3ckwemcny3ihv4i5p4lqzdpi624cxisu35my5fwi5qd.onion,active,2026-01-09,Human Verify
minteye,http://85.121.48.68,active,2026-01-09,MintEye blog
money message,http://372bkntomuk4xmevyki2gvpzdsm77xkhp4z6sctugcogqwgpqj4xkjyd.onion/,active,2026-01-09,MD LOGISTICS
money message,http://6xkylzxoxpd6bnl5ymhr6hysaoe3bsxzxhxpydhv22fmnt6m5zrlpvad.onion/,active,2026-01-09,The Egyptian Tax Authority (ETA)
money message,http://742srdwxlwiu75kr3sbf6kzwjcxjwezvpi3s76ignhes3vqacvh3e4ad.onion/,active,2026-01-09,Tri-Way Manufacturing Technologies
money message,http://blogvl7tjyjvsfthobttze52w36wwiz34hrfcmorgvdzb6hikucb7aqd.onion,active,2026-01-09,News
money message,http://bolfkdkjbdig64ieqixpyhmquuadkm6nzohutbkfwgzftd35kipy45ad.onion/,active,2026-01-09,Anna Jaques Hospital
money message,http://d26nwzgwylb3no3ar3rt3si3e3ujzndhp5wryxxlr76wba5snhap3tyd.onion/,active,2026-01-09,Young Adjustment Company
money message,http://d2vda7sp7rxuizyduwvnvccs3giddkwgglj5ecgrmdpu32grp2txjeqd.onion/,active,2026-01-09,Estes Design & Manufacturing
money message,http://jg7qeqdbqqordr5tazw5zc7s2h4sk2pt2hx4cxycqrcwr7vtpmreshad.onion/,active,2026-01-09,Riverside Logistics
money message,http://jioj2j5k53vrhtdgvjmeijgkdxgwadzjacywnybjvqftbkqpt3oy6cid.onion/,active,2026-01-09,Maxco Supply
money message,http://l4wvjhcng4klrah4gldyyvo3x5p5o4frzbvwdhzqa6vkg2chistqj3yd.onion/,active,2026-01-09,The Tech Interactive
money message,http://l7eupjzxzfbsw7nxu7wu7lj2lzr5ulmyuyd4neyasbdmvzcedal7mmid.onion/,active,2026-01-09,First Baptist Medical Center
money message,http://lhzaw2b2xn6lmtoioiswufyvjnrghlkmhtvwgsrsjnnmj2ceu56popqd.onion/,active,2026-01-09,Aiphone
money message,http://md7a4mzsppjuaw4zczoojpo7arqrlnmhlqoo35ttrc7l2lpeiblx2yqd.onion/,active,2026-01-09,Marina Family Medical
money message,http://nhdmgcysxuvvmd4dqwqisxumirvcj6xfhahuds5z7qgj7qlr3i73nnqd.onion/,active,2026-01-09,Toscana Promozione
money message,http://pdndkkg2hu4z36yhrbgtycxf52iodlh5os4argm2ooia4ypwgnvlzgqd.onion/,active,2026-01-09,Kazyon
money message,http://qyk5o7wcgocwebnymjusnc7siyetwl7po26flw4e6hhg2xiue7brvmid.onion/,active,2026-01-09,Insurance Agency Marketing Services
money message,http://vycmr2wn5nqhkpla62mqe4vxh4fgdbc5id4g6piy4mvbjnb4mp4t25yd.onion/,active,2026-01-09,Taylor University
money message,http://xq5t7xwptmpoxzjkns7wfbbr43zxedm6ygbfsh6bp6lipvyhzkfopjyd.onion/,active,2026-01-09,National Atomic Energy Commission
money message,http://z33ua54qzvzyxtbe5oghqyvxfs5orftqlws3w5ndrtsvmaldcvbyf5ad.onion/,active,2026-01-09,"Bucks County Opportunity Council, INC."
morpheus,http://izsp6ipui4ctgxfugbgtu65kzefrucltyfpbxplmfybl5swiadpljmyd.onion,active,2026-01-09,MORPHEUS (contact morpheus.support@onionmail.org)
ms13-089,http://msleakjir7pxbe6onlqe5uwgvdmy6nq4mnwfy7ojswbhnleenm77vgad.onion/,active,2026-01-09,MS13-089 Blog
mydata,http://mydatae2d63il5oaxxangwnid5loq2qmtsol2ozr6vtb7yfm5ypzo6id.onion/blog,active,2026-01-09,Blog
nightspire,http://nspirebcv4sy3yydtaercuut34hwc4fsxqqv4b4ye4xmo6qp3vxhulqd.onion/,active,2026-01-09,Hello World | NightSpire
nightspire,http://nspirebcv4sy3yydtaercuut34hwc4fsxqqv4b4ye4xmo6qp3vxhulqd.onion/database,active,2026-01-09,Database | NightSpire
nightspire,http://nspiremkiq44zcxjbgvab4mdedyh2pzj5kzbmvftcugq3mczx3dqogid.onion/,active,2026-01-09,Hello World | NightSpire
nitrogen,http://nitrogenczslprh3xyw6lh5xyjvmsz7ciljoqxxknd7uymkfetfhgvqd.onion,active,2026-01-09,NitroBlog
nitrogen,http://yqiaekirp7n7fkp3bwx2nfxm6zohhaa3ct5xvdqsxsanxqqwoyltb6id.onion/,active,2026-01-09,Welcome to nginx!
nova,http://novav75eqkjoxct7xuhhwnjw5uaaxvznhtbykq6zal5x7tfevxzjyqyd.onion/,active,2026-01-09,Update Links - Nova GBlog
nova,http://novavagygnhqyf7a5tgbuvmujve5a2jzgbrq2n4dvetkhvr2zjg27cad.onion/,active,2026-01-09,Update Links - Nova GBlog
nova,http://novavdivko2zvtrvtllnq45lxhba2rfzp76qigb4nrliklem5au7czqd.onion/,active,2026-01-09,Update Links - Nova GBlog
nova,http://pifk3xu3vad6cuxsjll4qjomyaaaoyvnyqppro75pazadzctrrvpdnyd.onion/,active,2026-01-09,Nova Blog
nullbulge,http://nullbulge.co/blog.html,active,2026-01-09,
nullbulge,http://nullbulge.com,active,2026-01-09,nullbulge.com
nullbulge,http://nullbulge.se,active,2026-01-09,Attention Required! | Cloudflare
obscura,http://obscurad3aphckihv7wptdxvdnl5emma6t3vikcf3c5oiiqndq6y6xad.onion/,active,2026-01-09,Obscura Leaks Blog
obscura,http://obscurad3aphckihv7wptdxvdnl5emma6t3vikcf3c5oiiqndq6y6xad.onion/leaks,active,2026-01-09,Obscura Leaks Blog
osiris,http://ausare.net,active,2026-01-09,Osiris
osiris,https://osirisbm3357xrccnid23nlyuqwzbgqheaei6dxvyi34tbkqr3bmvfid.onion/,active,2026-01-09,Osiris
osiris,https://osirisbm3357xrccnid23nlyuqwzbgqheaei6dxvyi34tbkqr3bmvfid.onion/app/publications,active,2026-01-09,Osiris
osiris,https://osirisbm3357xrccnid23nlyuqwzbgqheaei6dxvyi34tbkqr3bmvfid.onion/rest/blog/posts?offset=0&limit=10&search=,active,2026-01-09,
osyolorz collective,http://hackerosyolorz77y7vwj57zobwdeuzydhctz3kuuzr52ylzayvxuqyd.onion,active,2026-01-09,Osyolorz Collective
pay2key,http://pay2keys7rgdzrhgzxyd7egpxc2pusdrkofmqfnwclts2rnjsrva.b32.i2p/?i=3d1e4594aeb351854fcc800da08214a059ed16,active,2026-01-09,I2Pd HTTP proxy
payoutsking,https://payoutsgn7cy6uliwevdqspncjpfxpmzgirwl2au65la7rfs5x3qnbqd.onion/,active,2026-01-09,PayoutsKing
payoutsking,https://v2mw3spxqhggig5zjd6tjnfamwntrprreij3dq77jlq74dduyjafeead.onion/,active,2026-01-09,
pear,http://csxilwnl7orv6rwfjen5ye3tefk5shjtr4tysuykgxjsyngpvoqrvbid.onion/,active,2026-01-09,403 Forbidden
pear,http://etus2tmakckdlkyjpevoyciuao7er5fj3qm26aev3nch4fusptefiayd.onion/,active,2026-01-09,403 Forbidden
pear,http://peargxn3oki34c4savcbcfqofjjwjnnyrlrbszfv6ujlx36mhrh57did.onion/,active,2026-01-09,PEAR
pear,http://pearsmob5sn44ismokiusuld34pnfwi6ctgin3qbvonpoob4lh3rmtqd.onion/,active,2026-01-09,PEAR
pear,http://q2bg7ljsrpmy6736qqmpwsnqqm3w6d3hhrokohytnmldbom7sthp4sad.onion/,active,2026-01-09,403 Forbidden
pear,http://yxwomyfmexm3bfcuumnugrzwluol5qwsw6pmne7jklgmzthkp35l2jqd.onion/,active,2026-01-09,403 Forbidden
play,http://75tkvxemb6zpyk3fbl3mwm32jklc2sdjacb3kazrioamopbfn2w2z5qd.onion/,active,2026-01-09,PLAY FAQ
play,http://b3pzp6qwelgeygmzn6awkduym6s4gxh6htwxuxeydrziwzlx63zergyd.onion,active,2026-01-09,403 Forbidden
play,http://ipi4tiumgzjsym6pyuzrfqrtwskokxokqannmd6sa24shvr7x5kxdvqd.onion,active,2026-01-09,PLAY NEWS
play,http://k7kg3jqxang3wh7hnmaiokchk7qoebupfgoik6rha6mjpzwupwtj25yd.onion,active,2026-01-09,PLAY NEWS
play,http://mbrlkbtq5jonaqkurjwmxftytyn2ethqvbxfu4rgjbkkknndqwae6byd.onion,active,2026-01-09,PLAY NEWS
play,http://p2qzf3rfvg4f74v2ambcnr6vniueucitbw6lyupkagsqejtuyak6qrid.onion,active,2026-01-09,403 Forbidden
play,http://whfsjr35whjtrmmqqeqfxscfq564htdm427mjekic63737xscuayvkad.onion,active,2026-01-09,403 Forbidden
play,http://x6zdxw6vt3gtpv35yqloydttvfvwyrju3opkmp4xejmlfxto7ahgnpyd.onion,active,2026-01-09,403 Forbidden
punisher,http://jh3zjsqgqk5woyuls7dxgdtorcycjx3i3sgdqpwdbiizunb5vbmppiid.onion/,active,2026-01-09,Punisher - Victim Support
pyrx,http://pyrx.cc,active,2026-01-09,嘉茗轩旗下平远信息网
qilin,http://djixgstarlzvmqsqcewlsfxlqzwd3i2eqs24mccfrfvrhqihjmssahqd.onion,active,2026-01-09,Login
qilin,http://ijzn3sicrcy7guixkzjkib4ukbiilwc3xhnmby4mcbccnsd7j2rekvqd.onion,active,2026-01-09,Qilin blog
qilin,http://kg2pf5nokg5xg2ahzbhzf5kucr5bc4y4ojordiebakopioqkk4vgz6ad.onion/,active,2026-01-09,
qilin,http://nj5lfmji6svckid5tzwd7rc3jg3gnzaoswsmqtea7n3lm2qy5yndlyad.onion,active,2026-01-09,Login
qilin,http://o37ozxfklmenvcmbck6hnbdb2bozaarpiqoefff7rsn7n62oz3en72id.onion,active,2026-01-09,Login
qilin,http://pandora42btuwlldza4uthk4bssbtsv47y4t5at5mo4ke3h4nqveobyd.onion/,active,2026-01-09,Pandora
quicklock,http://dmkhn64rhzqtys7rns6zhtfgqyfbenrvwyaqi7lkvxhlj5yxbh2l54yd.onion,active,2026-01-09,404 - Page Not Found
radar,http://radar.ltd,active,2026-01-09,Radar | AI-Powered Private Market Intelligence
ragnarlocker,http://ragnarmj3hlykxstyanwtgf33eyacccleg45ctygkuw7dkgysict6xyd.onion/,active,2026-01-09,This site has been seized
ragnarlocker,http://rgleaktxuey67yrgspmhvtnrqtgogur35lwdrup4d3igtbm3pupc4lyd.onion/,active,2026-01-09,This site has been seized
ralord,http://ralord3htj7v2dkavss2hjzviviwgsf4anfdnihn5qcjl6eb5if3cuqd.onion/,active,2026-01-09,New upgrade for Brand
ralord,http://ralordt7gywtkkkkq2suldao6mpibsb7cpjvdfezpzwgltyj2laiuuid.onion/,active,2026-01-09,New upgrade for Brand
ramp,http://ramp4u.io/,active,2026-01-09,Log in | RAMP
ramp,http://rampjcdlqvgkoz5oywutpo6ggl7g6tvddysustfl6qzhr5osr24xxqqd.onion,active,2026-01-09,Log in | RAMP
ransomed,https://ransomed.vc/,active,2026-01-09,
ransomedvc2,https://ransomed.biz/,active,2026-01-09,
ransomedvc2,https://ransomed.vc/,active,2026-01-09,
ransomexx,http://jbdg4buq6jd7ed3rd6cynqtq5abttuekjnxqrqyvk4xam5i7ld33jvqd.onion/,active,2026-01-09,
ransomexx,http://rbx2hfyej6sogivjtw2z2xkcqwgtiy653ap5jylggsrj6glbmfr7axqd.onion/,active,2026-01-09,403 Forbidden
ransomexx,http://rnsm777cdsjrsdlbs4v5qoeppu3px6sb2igmh53jzrx7ipcrbjz5b2ad.onion/,active,2026-01-09,RansomEXX v2
ransomhouse,http://2f7k6jhxwbpiyuomb27eywzollahlje2xph3t5wckupkoeluantatbad.onion/,active,2026-01-09,Index of /
ransomhouse,http://2ntyvlixm5zzhn2zgowgbbu5s6forpttomntefg5dapivr5qwokkyvyd.onion/,active,2026-01-09,Index of /
ransomhouse,http://2xipgq7vsu6d6llgg4tr4wxwdc5tbmmtx3jxfax3kx2dorkcnzsimwqd.onion/,active,2026-01-09,Index of /
ransomhouse,http://2yce6tllc6xin4kucqr4aynscfjsg7l7pgz3pv7rat5o3vjeruxpknid.onion/,active,2026-01-09,Index of /
ransomhouse,http://2ynd4lgi277los7ykngk3my3rx3ehitx4agrpomrilwjic4iqisbikid.onion/,active,2026-01-09,Index of /
ransomhouse,http://374ydckkglmslkqy3coatm5nn2rk3hg43lgci4wrhizhr47zfyfbdead.onion/,active,2026-01-09,Index of /
ransomhouse,http://3nr2abdugd4mqabdmhialw3nbhol2qpywsphkocrhp6f7yxp3cps5iad.onion/,active,2026-01-09,Index of /
ransomhouse,http://3vl65cye5nopltxxds73drcjddfq5wxwc2o5sm2rq3gddbs3ce7vn5ad.onion/,active,2026-01-09,Index of /
ransomhouse,http://3wahjydjf6min3z67a3254l3uoftkccvn3or3itdppjiz4oogceuy6ad.onion/,active,2026-01-09,Index of /
ransomhouse,http://43xvcojnfpqlbjxrbuuulyh3xtqrkl3qboi67xxd4jsigmpccbhxcoid.onion/,active,2026-01-09,Index of /
ransomhouse,http://4626donogy6tdfvh6hwuwxvpyni3uwwx26v4pp7eswp5ipwqgpuidyyd.onion/,active,2026-01-09,Index of /
ransomhouse,http://4bzbm2ifa2hffdb5celerb43mdbqoi6hcso3b2y4b6stdiiu2dww5bqd.onion/,active,2026-01-09,Index of /
ransomhouse,http://4dmex5fuyap32y6lkpglp5cy3ivoua452o57cezsxhfdlnhgvlw6sxid.onion/,active,2026-01-09,Index of /
ransomhouse,http://4hmvksa7vw5x3mytrguzcjxvj3alfbapxaekudmiigpztqxxv7dynnqd.onion/,active,2026-01-09,404 Not Found
ransomhouse,http://4s2org6ns4uhmamkr2tshq6f6auusktjjdoo23rskwhxfdlxlnx5rnyd.onion/,active,2026-01-09,Index of /
ransomhouse,http://4sw54rh5et4adx7oj6sl2kqkra243dq3dyhlxmoyt7vez6vncufv2gyd.onion/,active,2026-01-09,Index of /
ransomhouse,http://532czmzrh6qmtdlb5qgkx5h7k5sltwnfvesz2r4mz64aalybgkctaead.onion/,active,2026-01-09,Index of /
ransomhouse,http://57yqe2tksgsmmwaqrxf45uaqy45t3hxu3dcnywjdks6lhtfztkpx57yd.onion/,active,2026-01-09,Index of /
ransomhouse,http://5aidibsmc4wt5l3lw4k5wtfqopbckllb3pntw7xw4qiem4a3eeacrlyd.onion/,active,2026-01-09,Index of /
ransomhouse,http://5vjjiplv4jgrmfdgwcusmvezy575qsg2jpvsc2327lq4qckuwthwksad.onion/,active,2026-01-09,Index of /
ransomhouse,http://6mrsgpztpbiqvfh6atsfsdmecpicppol3tukrgot3n2kgz4k3gmakzqd.onion/,active,2026-01-09,Index of /
ransomhouse,http://6odtogvgsoxe4jjyymtdezascllx5kqtirvd2v74344xlqynzhguxdad.onion/,active,2026-01-09,Index of /
ransomhouse,http://77k3qrvleqx3jn5mx73fpmhcfpk3pdrjs7tkgaxcsf4ojgizfhvmlhid.onion/,active,2026-01-09,Index of /
ransomhouse,http://77uadf5cgivrz77fvnbbrhcvgckimzrvogqzxknhlfs5eoq7lpipu6id.onion/,active,2026-01-09,Index of /
ransomhouse,http://7izw24yz3udwtvfoq4lshv2ibow6jahx4lojoxsdt2nkqzzpr7osoxad.onion/,active,2026-01-09,Index of /
ransomhouse,http://7kobff7iod6tmnyjgoqc4o367ufky2cvda4knnlvo2hakdzy4v4gffqd.onion/,active,2026-01-09,Index of /
ransomhouse,http://7yrwf73tckb4mtt2kms4qc7nr7rzghu3jdzycm4w4qq2nwrybi7hq7ad.onion/,active,2026-01-09,Index of /
ransomhouse,http://agx3kdwbkrff5csgkuf7rl3uytbgraqyb5kmr2ltp7pnza4puxgsyeid.onion/,active,2026-01-09,Index of /
ransomhouse,http://ajs5cguwcrm7hocjyswds6hm6hamfrp2zoqfywq7or2j6yvycfo2mpid.onion/,active,2026-01-09,Index of /
ransomhouse,http://am7c55v7dmhdbfjyydxf6ccp2cluypvszxmcbdnkpu5vpsp4xqkh2ryd.onion/,active,2026-01-09,Index of /
ransomhouse,http://atpimkcvvlvyizwazff6r5ioq6nnb7txijdwvlq4i6d5b7adx6c5egyd.onion/,active,2026-01-09,Index of /
ransomhouse,http://aw5q5nzdok52cgprlzik4n44qstoajrlbixqqukqqcennjyas4x4opad.onion/,active,2026-01-09,Index of /
ransomhouse,http://b4k2fi62ctrid4k73itusuvcz5x5yczk27bpqdrsvwu3nl5mnz5dg3id.onion/,active,2026-01-09,Index of /
ransomhouse,http://bffujdbkhxfs2y63haztye4txuqgbkttmtxuxzkrlnruyioak5aoohid.onion/,active,2026-01-09,Index of /
ransomhouse,http://blofpgq5q3talt3y2w3y6r3focrtrk7ugmwl3e6a4pjuf5t2tivkxbqd.onion/,active,2026-01-09,Index of /
ransomhouse,http://bqj4qln6jluwlsa32qjen2wlpgnqold4hgpkxny4x3vtsiecvdphwtqd.onion/,active,2026-01-09,Index of /
ransomhouse,http://cdalrbmvj36y24xbejqxgg6htzcgrbyf52ikoqgjwxvf566uycawa6id.onion/,active,2026-01-09,404 Not Found
ransomhouse,http://cqwdv5rxut5l3blbeg74ddfo6ya65xsxqan7vawffdng6ynd2kulfkqd.onion/,active,2026-01-09,Index of /
ransomhouse,http://cusz5oqgec5a7wsoi5rxv27oswfliropmc2sg5tov4mc7ozkbxsj7kyd.onion/,active,2026-01-09,Index of /
ransomhouse,http://cwiukccdpixacamo24wkdkv4pgu62xtnbfuvauvqr5zjcr4jg2w4dcyd.onion/,active,2026-01-09,Index of /
ransomhouse,http://cwywajs3ounh4rioelodfprm72544iokpmttlbitzxmjgqoummdpmqid.onion/,active,2026-01-09,Index of /
ransomhouse,http://cxkk2csneiefspqrv75vw5766sw56t67tluuekk6mm2k4f7vagh7qbyd.onion/,active,2026-01-09,Index of /
ransomhouse,http://d7akeguwmrxmrg7tgzx7a73mksq3zpcjjk2c4jibfhmvrhhd6oprsfyd.onion/,active,2026-01-09,Index of /
ransomhouse,http://dbxgloxt65pvn37ec2of3np4rzo2ksgntxtxbpc4q3sxiur2aiohwqyd.onion/,active,2026-01-09,Index of /
ransomhouse,http://dfhu2iceszxurn7lf5mb5xhainmb7vulpizncjomtn4w5j5cv3pz52qd.onion/,active,2026-01-09,Index of /
ransomhouse,http://dj7ww4rxmvy5vsqxqn557p3nzjmt64q4fg57tteono6ezzm3nsmhgpad.onion/,active,2026-01-09,Index of /
ransomhouse,http://ecg6r6hpb7dzutga3jsrwm3z2jfvxbkncx2ftfw5eqpbua573s5esaid.onion/,active,2026-01-09,Index of /
ransomhouse,http://enppltlenqakx4lyekcz5xmlhybemrii7l4gjnijs2mqvwr26jp73fad.onion/,active,2026-01-09,Index of /
ransomhouse,http://fmrsmdsuokgzj5oujoqcod23gnvkqptg3vzbcqz6vw2ci7gonigijuyd.onion/,active,2026-01-09,404 Not Found
ransomhouse,http://fql4rjc3cojkhqxebgivm6wwimlri5muxlgb4g34sroeghg3bsc3btqd.onion/,active,2026-01-09,Index of /
ransomhouse,http://ftgvamayqmlyjkpf3dosoyfafbfpxxtxagsnt45sqauulckwupr2guid.onion/,active,2026-01-09,Index of /
ransomhouse,http://g7gg4zgd2grbrkdlibnnjzjvvnrwnwbznalxle3q5dzrsxsjoihiwsid.onion/,active,2026-01-09,404 Not Found
ransomhouse,http://gcktgfv5brwdyzwykxwgbfhho3oecbbddgrzr5jpzwn44q2wssettaad.onion/,active,2026-01-09,Index of /
ransomhouse,http://ge74uts2ybu22kzwahiayovxelbq5fwhywl73agev5w4fef2e5ikplid.onion/,active,2026-01-09,Index of /
ransomhouse,http://gfkngfw25qwhd2sn43x7cflcehk3bb7v2uifjndr2sc3k2abhqs22rad.onion/,active,2026-01-09,Index of /
ransomhouse,http://ggyosmcjq5vw7qimqhn2bf2gbr5zhdqmrfl35nnki6q5dmvblcqsmhyd.onion/,active,2026-01-09,Index of /
ransomhouse,http://gomf6ssy2bgsxlfbawncxdydwa4m76i4gzbwusmdwepuamx46uu6eqyd.onion/,active,2026-01-09,Index of /
ransomhouse,http://gxru2ucw4yxkicwdiee6wpqwkogh2x3scfcnhcgb4lcyo4uid44734qd.onion/,active,2026-01-09,Index of /
ransomhouse,http://helc2q6kbiyz4cwegzlp5anigkbjsbowjxrjxv3j27rjbvycgr2qd2qd.onion/,active,2026-01-09,Index of /
ransomhouse,http://hqvcotd73c6hjfc3ogukvc37jgs2krmowyposqudq2rodtawmatxpyad.onion/,active,2026-01-09,Index of /
ransomhouse,http://hunph22c2k7etozzdipkmgxzvcfn4boj2imlbtlsw4eiqi4hl7laksad.onion/,active,2026-01-09,Index of /
ransomhouse,http://hyinn53atxthbme4n76ry76jiaohqd6uk35jwni32g6dqtqkaejgquid.onion/,active,2026-01-09,Index of /
ransomhouse,http://iadt27m7yxkouefkcgdettyepemal4jins3htxkhpvhl7w2dgapprnid.onion/,active,2026-01-09,Index of /
ransomhouse,http://ib3ru7m66tg37w6o7zxe4upntw2p7236c63wb5n3beeapiuor535vhad.onion/,active,2026-01-09,Index of /
ransomhouse,http://iwtkvmhwx7g743ytqj6yiibbb33a3ycezssyn6gai2hny7b2ynez6sad.onion/,active,2026-01-09,Index of /
ransomhouse,http://j3pbdpnbkib7evm4rhzq64vdxqd3tfgr2x25v65hfefmlukah5nfpeyd.onion/,active,2026-01-09,Index of /
ransomhouse,http://jhtym7doz6dt5xdq4dd5wuhmyaa6dtesv4lrnasb5scwofguffiewcqd.onion/,active,2026-01-09,Index of /
ransomhouse,http://jjgql4ddcs3hk5ptmfrpjriplialbjwi5a4tekffbfzv6n6oj5bmklid.onion/,active,2026-01-09,Index of /
ransomhouse,http://jt772jtwpfrluifvz34ti43kfgv6lz7bgiviwopl73slo6a3wetch4yd.onion/,active,2026-01-09,Index of /
ransomhouse,http://jv2txdk66t6ijaugve3kte67yuahfaebrivy4okuqqvriaagsvi4pgad.onion/,active,2026-01-09,Index of /
ransomhouse,http://k43uuv3dxxbilh66glvhmv6ym2xkggn743al22e74tb2v2fcq6sbzpad.onion/,active,2026-01-09,Index of /
ransomhouse,http://kcikcoor63fa4qw6gx7yp2jxnvxbsxxdwd2znz72izt74rpdjfha2yqd.onion/,active,2026-01-09,Index of /
ransomhouse,http://kd4zqe5ao4wio7shv747uszayc2xtpvoxirs3pnm7nrld5462jzf43qd.onion/,active,2026-01-09,Index of /
ransomhouse,http://kinkwgtp4sfj3tovixjlvsklktjul7v5o55lkf6cgmlnugqlletzsxad.onion/,active,2026-01-09,Index of /
ransomhouse,http://kp5amzgfhwmpn26vnmx7h445x4xb7ofaxitonovt6mlewq5bpawkq7id.onion/,active,2026-01-09,404 Not Found
ransomhouse,http://lc6wrbsdvaayqkhj47bjkj7mfnaiyvsnufmdnkhai6de3uxhu6bssgyd.onion/,active,2026-01-09,Index of /
ransomhouse,http://lejfkugm7arhigu2vhtcursl564e73gjrq23upuaccuafbj73rgbnfid.onion/,active,2026-01-09,Index of /
ransomhouse,http://lpx3qaviraf2k7uozkf2qi47beenvt4dwyr2f3zgdwjglyywhtikiead.onion/,active,2026-01-09,Index of /
ransomhouse,http://m7vtnbsgctdcsccqmpnmi6igg3pcuiliqqqsq6uonkzg4blpa4eysiad.onion/,active,2026-01-09,Index of /
ransomhouse,http://mbarp6qt6kpkuruwkwqrxqbizna3is3mv3c6ocjrrwxl5ndnkhalkzid.onion/,active,2026-01-09,Index of /
ransomhouse,http://mc2pt7cfb4p3xojzsmyzt2pe7chobgkbddpdqxdscks6ttbki77xl2id.onion/,active,2026-01-09,Index of /
ransomhouse,http://mdpkohdcvgyiexi4yihiufdi2wmau5yd6wjr7rituvwntifxuh43deyd.onion/,active,2026-01-09,Index of /
ransomhouse,http://mo3nqtrrrvguce64bvenu25uciry7buw2hzke4wxm22jhr57zmsj65qd.onion/,active,2026-01-09,Index of /
ransomhouse,http://n7f7ic7islqbyw3vzans3mddgaooirbf4i75tvsfvxjvni7vxanwczad.onion/,active,2026-01-09,Index of /
ransomhouse,http://naurcsrhvsnxotv5awcsmddlcwgv447fvolmkyo6gfgszvtofijd6oid.onion/,active,2026-01-09,Index of /
ransomhouse,http://nklp3mw3ne5h5ndzo6l2riesmseg2wcbj2tgethqmrsknly4q23ziuqd.onion/,active,2026-01-09,Index of /
ransomhouse,http://nkqfcj26xcdfjezwircbrmlhttr4rbnybsa3wycnpf47g73thbhc3lyd.onion/,active,2026-01-09,Index of /
ransomhouse,http://nlqnxzqixcwazwyib4bft2m6ikjrtihh4qgdtnmpmbi3meio5jj2xsad.onion/,active,2026-01-09,Index of /
ransomhouse,http://ns7ed6yloo7w5p2lh3mg5bcmkv3aip6wwn7kagb7pxouetm4ymfvsiad.onion/,active,2026-01-09,Index of /
ransomhouse,http://nuhnnxg3owawo36mwdffyblbzplhthfswny55mh7yhbxq74en6jihyad.onion/,active,2026-01-09,Index of /
ransomhouse,http://nxml7szv4m3hd6gtjjg62xejyusbbqvmb3thfwaa6wimablrzuk7p3qd.onion/,active,2026-01-09,Index of /
ransomhouse,http://obrze5nyt6pmx4ptffqliah7hxqb3je6jlghg7ynoy653nqvye43koid.onion/,active,2026-01-09,Index of /
ransomhouse,http://omdcwhef4ztuwhdiv3dbcgz2iyh2yb3gkkbusgvegbyjcacctahpxryd.onion/,active,2026-01-09,Index of /
ransomhouse,http://oplhizp4lkdxmrydoz4ixngotsqialrexmuficduihuktq4777tlb3qd.onion/,active,2026-01-09,Index of /
ransomhouse,http://otxn2ad3ypniexesajgomjnpwbkdjdit7uii2zv5v4c4u76r2rnlrtyd.onion/,active,2026-01-09,Index of /
ransomhouse,http://oujq7kjgzj4r3fyvsb2wtz6bxycrvawqdtj6zqgljw7u4hwqsak34jqd.onion/,active,2026-01-09,Index of /
ransomhouse,http://oxbwvjzd2oc4cb4jkrnpwbuvabyj2pgmoh6q73jsuq35skfbta3p3uad.onion/,active,2026-01-09,Index of /
ransomhouse,http://ozokx66qqmtvjbkbkudtfnrfy5euwug2gbekqm6ug42j76knmtzcrkid.onion/,active,2026-01-09,Index of /
ransomhouse,http://pi25hxaofhsoxjh5g4e6iqcasoynlwygevqkbemzaalkyxwpgk77tqid.onion/,active,2026-01-09,Index of /
ransomhouse,http://pnhyueueqsog3gbjuq3o7ixqbcdctpqnzv4uujsg3j76nt2bsm2p3rid.onion/,active,2026-01-09,Index of /
ransomhouse,http://pol7t4rw4dymnyruiqkckbeul2xxntn7x3sek3yw553pxbwag3n4eeid.onion/,active,2026-01-09,Index of /
ransomhouse,http://py5fgtglinssndrkrnbwgwjzxlsxl5zbyr3ypdiijgsllht2smznwpqd.onion/,active,2026-01-09,Index of /
ransomhouse,http://q2bwuip5xq4qjn2vyevprcddhk26cigyqfqfu6yki7korjys2rposaad.onion/,active,2026-01-09,Index of /
ransomhouse,http://q2injs6dqvzemu2kkfpk7u3lsrcn4rddip3h2a7oc6uqwq6vjnduamad.onion/,active,2026-01-09,Index of /
ransomhouse,http://q6galqnjt7urxigo5niyj2u7r3lyon6vgjl2u2w2vme4gdqits4rcgid.onion/,active,2026-01-09,Index of /
ransomhouse,http://qbopuabaqyjdcb74xe2pwbvqnqdzvdvyiqhho5optgtmxinwmrhq7qad.onion/,active,2026-01-09,Index of /
ransomhouse,http://qiu5vqx2k3oyq3aeyz3pieh6g6yjzo7l5zofidxfvnahy3vgb2vuy6ad.onion/,active,2026-01-09,Index of /
ransomhouse,http://qq4kljefxqsslnl45bxho57meuwpxgn2vdgonlzhmlebnywhst5fupyd.onion/,active,2026-01-09,Index of /
ransomhouse,http://rfbka2dt27wyuzymonzzx2zeaohx7sejti4gpihhc22hv74hya4h4vyd.onion/,active,2026-01-09,Index of /
ransomhouse,http://rivdgsucnasob3iiux5j4g4ybqz6flxgx2vz4h6i2wfu42hbbmwwcuqd.onion/,active,2026-01-09,Index of /
ransomhouse,http://rthvusw7vbnulb27tsiacrlewiykoda4wvefeshtsj4bx53o4j6mfrid.onion/,active,2026-01-09,Index of /
ransomhouse,http://scuj56wenkc4oltbf35mxjqprwpyw7hfy4pwfwb54nfjs2ukemfodnyd.onion/,active,2026-01-09,Index of /
ransomhouse,http://sdt4obvwnm64vfwnes45flcmumrec6243kukweocvadcyxhgzlabfxqd.onion/,active,2026-01-09,Index of /
ransomhouse,http://skbpwl43abthuqxvoy5mzabn7lj4afa64xhpbuw2i4k7vvqvmbotw5id.onion/,active,2026-01-09,Index of /
ransomhouse,http://sstqoba32bw5mnrwm27rbkiap37g2y5qjcmosuhph5nuu2ffvn66jjyd.onion/,active,2026-01-09,Index of /
ransomhouse,http://sv2rykeah2bm7vz47l5k3f5otbptgyyeooalayn57p6ncpwbehbk5sid.onion/,active,2026-01-09,Index of /
ransomhouse,http://swnoxbuqfh7dmbqzaigqllkkljspipnvft3a4offxh3m5zwxg6ob46ad.onion/,active,2026-01-09,Index of /
ransomhouse,http://t7ezcjqq7h24gwswhyde72x4gkqxsjeyt2fxz44kcls6ipm4wd6bmsid.onion/,active,2026-01-09,Index of /
ransomhouse,http://tbgdp3msmgiddu7yhdo2fsuhlaggcoj3oez7wdmofznqm4dhevpekeyd.onion/,active,2026-01-09,Index of /
ransomhouse,http://texnb5y3cjaf2srwfjkafdzznqc3idjlncqiiobhq4yzlqw6sgvbljqd.onion/,active,2026-01-09,Index of /
ransomhouse,http://tgcj6ad5dqmuayc7ldm3zw4bz3hx45nf54oe7vqtfs4hai4wsgbnseyd.onion/,active,2026-01-09,Index of /
ransomhouse,http://tlr5h3my4jyvwgmyrvu2oadls2o3f377cz2bqnu3g7oaycofiweqjfyd.onion/,active,2026-01-09,Index of /
ransomhouse,http://uax2s63op7lboqhuxscjfiwcea4retnus6z2ph33cd44dyqdsyosj6id.onion/,active,2026-01-09,Index of /
ransomhouse,http://uiecrea6byqjfppofxjcku2rjs6qxeqblnc7ljveopbtd4ih635saiid.onion/,active,2026-01-09,Index of /
ransomhouse,http://uiw34f2i7x5lz2l2r33a23h3q5h3dzvrmwyz5m65uwdgkdkappn7jkyd.onion/,active,2026-01-09,Index of /
ransomhouse,http://utijlj5t2xamyekjr3ur7vpdnttaqit57fher2nzibih3nqil75jhjyd.onion/,active,2026-01-09,Index of /
ransomhouse,http://uv4sykhrapb2t3mnhw6imkbdym4fh6vstwcdsvbtzrvdwzcd5zzlylqd.onion/,active,2026-01-09,Index of /
ransomhouse,http://uvfooehu6f2q3wcccuffagahp4w7qbypjjmffseqypjgorkqpuwql4ad.onion/,active,2026-01-09,Index of /
ransomhouse,http://uvl645c47e5bozdzrrtjtm6pea5oltef63tsewz5ucmubvsj5i7meiid.onion/,active,2026-01-09,Index of /
ransomhouse,http://uzf4tt7buqhj5xzb7jnnmsd4wtufua4qyzjgjf4sn2vwniiqz5oi5lid.onion/,active,2026-01-09,Index of /
ransomhouse,http://vokr3ancppaevval5hwpqpm43szyj7nysfoxqfsrc274jabs5m2227yd.onion/,active,2026-01-09,Index of /
ransomhouse,http://vopa354z4toilkjn4ileaf6rinkzn2givaokvj4yguq5kbiqoulxnzyd.onion/,active,2026-01-09,Index of /
ransomhouse,http://vvocdlrov5pc5ej5iuba35vfjehegbdcgnthkt5xr7acekjb4l7y74id.onion/,active,2026-01-09,Index of /
ransomhouse,http://vwgq5uld5govh3va4ybcda47cye2wd2jnaqy5si56qm3t47dtafy2zqd.onion/,active,2026-01-09,Index of /
ransomhouse,http://vxes6h3473wxne3ngbm7qufqz7yrfnqytkmz2or4c3lk56at5n6c4ead.onion/,active,2026-01-09,Index of /
ransomhouse,http://vxpudlncob2ouf6pnic5khdwdb3j52ersb636c4xm3s2p2wxg6vyi4yd.onion/,active,2026-01-09,Index of /
ransomhouse,http://w6kf2ktnbzx3hha25snxdwg57ydqdskzcs5tdrdztajb2vn7jk5hzrid.onion/,active,2026-01-09,Index of /
ransomhouse,http://x3rx5uqoohqzfcnq3neiqwunb6eh5yc4ybu26nxwqqltclkvdvwbprad.onion/,active,2026-01-09,Index of /
ransomhouse,http://xbpdja46coptbjt4a62lintyk547q54k7gubekbtsyqxivie4vln7syd.onion/,active,2026-01-09,Index of /
ransomhouse,http://xf7e5nnpiemhu6lpb5f723i4amgshhj33ny6c5ctbdjtc5duwtortoad.onion/,active,2026-01-09,Index of /
ransomhouse,http://xlirefmk3w2gsk3n5mkddinbfdatk6lhi7fj36knubhtoxiaqyus44yd.onion/,active,2026-01-09,Index of /
ransomhouse,http://xwgvbowiwiscowkagkpw4qjx62li4z4lhzkyyzhda46kcanddxlrn6ad.onion/,active,2026-01-09,Index of /
ransomhouse,http://yiqfcld3loz7rh4kcmxrf4azyeqa7sonfyxqlnjjbxmmfxhzbm2vsjad.onion/,active,2026-01-09,Index of /
ransomhouse,http://zabhu2tvl3elihuccjzl4n35m27smgyxc5zkbgz3rcewjn6tjt2ihiad.onion/,active,2026-01-09,Index of /
ransomhouse,http://zdgj7z7dhmn5xgtrj4wh4gsf35hzst6blunfm3xf5iqpq6msiluxmmid.onion/,active,2026-01-09,Index of /
ransomhouse,http://zlwljlbtakummd6biufuvljgqwbpvmrftd5kjtzxwjtn27jdzeahm5ad.onion/,active,2026-01-09,Index of /
ransomhouse,http://zohlm7ahjwegcedoz7lrdrti7bvpofymcayotp744qhx6gjmxbuo2yid.onion/,active,2026-01-09,©RansomHouse
ransomhouse,http://zv7u2tclxajbgae6ba4jkisnkfkts3lk7lxlypmuqktrk42qmo2c7hqd.onion/,active,2026-01-09,Index of /
ransomhouse,http://zz7ez3cgy6o4eehu5bc2cs7t4jvq7j7duragx3pfrgnafxui7l2ybzqd.onion/,active,2026-01-09,Index of /
ransomhub,http://biurt7anlhkncf2t3dvvtlszpnnyg3oiksyapcikxostz6zfrh4csvid.onion/,active,2026-01-09,404 Not Found
ransomhub,http://bzfp6qfir7bfqjxnpgofwvfzoyca7kmcsfliot5zzfsas6oofwo7zoad.onion/,active,2026-01-09,404 Not Found
ransomhub,http://i2agsvbyoy3viwel7ucjqtzcq3ocsj3jqqew5wlwpxty6uxd455qkoqd.onion/,active,2026-01-09,Index of /
ransomhub,http://kfvsqtlnfa5iiweywpubtqk4c2omc2vu4hvy26mhanaahtvpifzuxlid.onion/,active,2026-01-09,Index of /
ransomhub,http://ljxmkfr6kl3ovwgkxycdrvvdf6tk7qdhgowcjkpsiocg7j5uuhmszyyd.onion/,active,2026-01-09,Index of /
ransomhub,http://red46f427ed4ogc76gscsqrytpdh4gy5reh2g6dzjpbm24k3ns2t27qd.onion/,active,2026-01-09,404 Not Found
ransomhub,http://xznhtihjpaz3rwcgwqrv3jipbbivlg5ttsdqoet55xe5a3nbxi47jwqd.onion/,active,2026-01-09,Index of /
ransomhub,http://y2hkrrb7aba2pgyvpfzqj3vlhbw7e2wj2t2wvtlmkr54yqz7p5ghnfid.onion/,active,2026-01-09,404 Not Found
ransomware blog,http://6i42qq2xdu244a3xp2c3gjvcwtp3hurbajesfnsuga2v3frf6x7ivcyd.onion/,active,2026-01-09,Submit a Ticket
ransomware blog,http://qd7pcafncosqfqu3ha6fcx4h6sr7tzwagzpcdcnytiw3b6varaeqv5yd.onion/ ,active,2026-01-09,Submit a Ticket
raznatovic,https://ransomed.vc/market.html,active,2026-01-09,404 Not Found
rhysida,http://rhysidafc6lm7qa2mkiukbezh7zuth3i4wof4mh2audkymscjm6yegad.onion/,active,2026-01-09,Rhysida
rhysida,http://rhysidafohrhyy2aszi7bm32tnjat5xri65fopcxkdfxhi4tidsg7cad.onion/,active,2026-01-09,Rhysida
rhysida,http://rhysidafohrhyy2aszi7bm32tnjat5xri65fopcxkdfxhi4tidsg7cad.onion/archive.php,active,2026-01-09,
rhysida,http://rhysidafohrhyy2aszi7bm32tnjat5xri65fopcxkdfxhi4tidsg7cad.onion/archive.php?auction,active,2026-01-09,
rhysida,http://rhysidaqho36b6i6mvpmy5di4ro5zglovtxixrirky6q3fgack7q5uyd.onion,active,2026-01-09,Onionsite Not Found
robinhood,https://robinhoodleaks.tumblr.com,active,2026-01-09,Trending topics on Tumblr
rtm locker,http://3wugtklp46ufx7dnr6j5cd6ate7wnvnivsyvwuni7hqcqt7hm5r72nid.onion/,active,2026-01-09,403 Forbidden
sabbath,http://54bb47h.blog,active,2026-01-09,Welcome page
safepay,http://duslj3vgel72rilqlvvlo2qw6jybmvbcdmcm4n63kyivveeif6u2xrad.onion/,active,2026-01-09,404 — Not Found
safepay,http://safepaypfxntwixwjrlcscft433ggemlhgkkdupi2ynhtcmvdgubmoyd.onion/,active,2026-01-09,Safepay Blog
sarcoma,http://2fcn6dfc4li6kdt7dhqv4rpnmao64txxwcniostcvw6obdw74hiqtkqd.onion/,active,2026-01-09,Index of /
sarcoma,http://2pxacmry7fqmbhkuseo2l3rxmyw24ctmengat7hlavlgrcixbepz6aqd.onion/,active,2026-01-09,Index of /
sarcoma,http://3fdy7qukqwts2j7w7lks75tueaokjsmotcshzmxjqeojca26s3doocad.onion/,active,2026-01-09,Index of /
sarcoma,http://3mwyz2wt6b6zuah5y3eyjmsjkhaowiv6ejqodt2ly4y4rpwcggii65id.onion/,active,2026-01-09,Index of /
sarcoma,http://4eahz4i6cjqychvmiyqjducmhu3pep6l52vaw3ik3nizzpt5writuryd.onion/,active,2026-01-09,Index of /
sarcoma,http://4tgkspsiob5zg7vwqmmbquymoj3sacpx4x4qixvgzukjfen4ck4s6mad.onion/,active,2026-01-09,Index of /
sarcoma,http://4x2dnydjwfpa4zgutwqaeqxd7tmdz452ttvvq5pga5eqgppi2uu5chyd.onion/,active,2026-01-09,Index of /
sarcoma,http://54yjkjwjqbm74nchm6o6b4l775ws2hgesdopus5jvo3jx6ftj7zn7mid.onion/,active,2026-01-09,Index of /
sarcoma,http://55lfxollcks2pvxbtg73vrpl3i7x4jnnrxfl6al6viamwngqlu4cxgyd.onion/,active,2026-01-09,Index of /
sarcoma,http://5ka4wjkv3qulsn6gtfzyhumafgupipu6rkfezf2tw2doveamaqqmxvyd.onion/,active,2026-01-09,Index of /
sarcoma,http://5q3lywcjrujw3vao7cz3ruqd57ugfdcu3qiisklpqillvuidl5wiqlqd.onion/,active,2026-01-09,Index of /
sarcoma,http://63qnrvuxwl3jkzqik33ppgvktytzy5vasmp5yyhkv4mzbv5enuc5pqqd.onion/,active,2026-01-09,Index of /
sarcoma,http://67f7qjjoez6fnnrjuqzg4yqjiowvjbe5y2dhmjkiwubtqzj3isc5joid.onion/,active,2026-01-09,Index of /
sarcoma,http://6nwhpuwtf4onxvr7el5ycc4xwefhk4w6q6rbn23oe2ghax2x7nns3iad.onion/,active,2026-01-09,Index of /
sarcoma,http://6v3lslpnsfae4rfghnl473u4hp7j6yyu74pipyks54norp4filkzjgid.onion/,active,2026-01-09,Index of /
sarcoma,http://73jrahivyj7cydl3qeiauwm4fkz4f7e4d3deny6qt3cgtwxmkj2vmiyd.onion/,active,2026-01-09,Index of /
sarcoma,http://7h422j3rpt7dxoeijbzn6xo7t43dmaisl5t44mcsf6ulbj3weg6doqyd.onion/,active,2026-01-09,Index of /
sarcoma,http://7usqkx3whuqipzsolnctey7xgszixv446vam7et2qas6xmuxtjm54pad.onion/,active,2026-01-09,Index of /
sarcoma,http://amffvuxv5qyi7fwh5cfoehkr4yrp3ushi4qzxm76ahiwro7dequcoxyd.onion/,active,2026-01-09,Index of /
sarcoma,http://areaucod7knfvyl2xbnezcucezcwr4iku5psrt74zthoyqegdzqsxzad.onion/,active,2026-01-09,Index of /
sarcoma,http://b2frnffyioow5tbiqvehe2ncaxdss2tmw7bvt34cwbdzsx2upbfhbzid.onion/,active,2026-01-09,Index of /
sarcoma,http://bi32pq7y3gqq3qacgvamnk2s2elnppvevqp325wtk2wo7vh2zavjcfid.onion/,active,2026-01-09,Index of /
sarcoma,http://cgewcqt4x7kb7xgkfu2r3yv5wifzvpx6tojonay3kdgs5tqpjvkd5bqd.onion/,active,2026-01-09,Index of /
sarcoma,http://cqjqlbmmfqanj6ctywkmgzi7iythgc6atu2xgjbkk2ccr465gizolqqd.onion/,active,2026-01-09,Index of /
sarcoma,http://cth3pse7mszuess3jeiftdawcqcm7cvwrrx7hiwi7zxzh55jvh6f42id.onion/,active,2026-01-09,Index of /
sarcoma,http://dyr566jtgcsyk7si5gn7unygj3pnzgxfwvlureyn3dfi7g7r2ve54zad.onion/,active,2026-01-09,Index of /
sarcoma,http://enfxn727mx4ue55zgbjkogn3lnb57e5ed7bcooodxsajzsp3dyo5xeyd.onion/,active,2026-01-09,Index of /
sarcoma,http://f22licvnajbisahwc73y55se6mgmvxuups2mp7t43jgs4yj7dp6igqad.onion/,active,2026-01-09,Index of /
sarcoma,http://f6cwflfjehjl6hosqy7jnkefhddnk7u3eyqn4bjrufmkle53tptxr3ad.onion/,active,2026-01-09,Index of /
sarcoma,http://fbrmzvj2c6a5soanvuw3qi4dpnt3rcgte32nae4qegd4vqpnjtrwbqid.onion/,active,2026-01-09,Index of /
sarcoma,http://fijqvpzptg2sxavr3s6vw32lx4xdfa3i2oedi4574qo3apqyhd7srwad.onion/,active,2026-01-09,Index of /
sarcoma,http://g3adubh3fjsy5ezrmxmy4wxt7dvkhxnkd5deaac47mryvkzvzcf2tvid.onion/,active,2026-01-09,Index of /
sarcoma,http://g7vfmyo2xvt4uwoypgb675rcgxokwdxqevmx5ie5qojqnkuvnuudemqd.onion/,active,2026-01-09,Index of /
sarcoma,http://hh4ueveki3serlpuvt63lp557z5qhlfwlc32bclw4x53dmt3ijoewmqd.onion/,active,2026-01-09,Index of /
sarcoma,http://hpugjgammwixig4kpti5r67ofjd4qrgkjohbth2irq4nvcv3m7s76tyd.onion/,active,2026-01-09,Index of /
sarcoma,http://hqzjmm4qg2q2utn2e3yqt5lsnrabjmi5m4o547v4jp3pi2hwp2tkunid.onion/,active,2026-01-09,Index of /
sarcoma,http://i44esri5nzpdcanpgflcrlxk4tmf7yfpxkcysha3gblsuiswyyxmi3qd.onion/,active,2026-01-09,Index of /
sarcoma,http://icmghe66zl4twvbv5g4h532mogcea44hrkxtotrlx6aia5jslnnbnxad.onion/,active,2026-01-09,Index of /
sarcoma,http://igqsxlg2ndj7xmaepxtvkisacskrb3mbhlcgymis42h6l6qyfyjyg7id.onion/,active,2026-01-09,Index of /
sarcoma,http://iiobxrljnmjwb6l66bfvhin5zxbghbgiv6yamqpb4bezlrxd2vhetgyd.onion/,active,2026-01-09,Index of /
sarcoma,http://isxttzwtr7havmbj2qmyb7stwmrds32ye42iwc7kxj55adbexdnbfoqd.onion/,active,2026-01-09,Index of /
sarcoma,http://iz62i5obz6mwixyjwxggbw7fk6wdgmmy4ancvynpbqqmgwpnghv3rdid.onion/,active,2026-01-09,Index of /
sarcoma,http://j4swv3longylj4ljjdny4yino4xwvrbis5ouxg4anlg4el6kjku7dbqd.onion/,active,2026-01-09,Index of /
sarcoma,http://jck4dycheanyy6zrolymheurxak54o53lzg3hfcz7ao35hs7fewsaoyd.onion/,active,2026-01-09,Index of /
sarcoma,http://jdphsfcjuyog5cgtjdfsxluarkvqy5rw75kasoj6kuihga3bs3fwgfyd.onion/,active,2026-01-09,Index of /
sarcoma,http://jq6vxgpnjfs3ue2wn7ve4bnga4ewkcetpvkmz324se7mlqjtnrenkqad.onion/,active,2026-01-09,Index of /
sarcoma,http://krxmjef2yd7dwmxbgghooskep4kcecxtqqs3iu33evi7dvr5oc3dpkid.onion/,active,2026-01-09,Index of /
sarcoma,http://l2atrqqwpmgdr4vzae7ufgulirsklfk4xmierg4ihdxborjkpyuz5lyd.onion/,active,2026-01-09,Index of /
sarcoma,http://lhc2ghpebf2d5w3qroiphzjnwwbi6oyigt3aztgghy43q7j2vnu3bcad.onion/,active,2026-01-09,Index of /
sarcoma,http://lm7o3nfplejz7jibisw7wwrivlmske4rq6vofvbncl7g7jflvd3ubqid.onion/,active,2026-01-09,Index of /
sarcoma,http://lo52rld4cl2ezr4cd73yxn7ru2fh3dtqtmjzjuraquv7bdubhabvkkad.onion/,active,2026-01-09,Index of /
sarcoma,http://lq72f4y2gbujxypmicycfpmmtv74tazt4h6szumrniuvgxwkwi4ykcyd.onion/,active,2026-01-09,Index of /
sarcoma,http://lqlkfdi2ydpzibk4xpikfvae3bjdd4lsodgwtpunxfc6abkexsg5a2ad.onion/,active,2026-01-09,Index of /
sarcoma,http://lyz3i74psw6vkuxdjhkyxzy3226775qpzs6oage4zw6qj66ppdxma2qd.onion/,active,2026-01-09,Index of /
sarcoma,http://m7k6jgadomd3nd2mor5sefnuowtwktfjvzihydx6zy2tkohv6aatr3ad.onion/,active,2026-01-09,Index of /
sarcoma,http://mdliyoqm37i6ze4grykoa7mc6tltrjfvr5mffhvotrf6hsi5mwsx3myd.onion/,active,2026-01-09,Index of /
sarcoma,http://mjlfzles4bszxnxcjktdu6iujjc7bhui62fc6s5z736jjsaq4zcq4cad.onion/,active,2026-01-09,Index of /
sarcoma,http://modre6n4hqm4seip2thhbjcfkcdcljhec7ekvd5qt7m7fhimpc2446qd.onion/,active,2026-01-09,Index of /
sarcoma,http://mtd2ltbdnsudzaneia6i6xgwkpn7adxfuesqstrreyqxlgxbxejpojid.onion/,active,2026-01-09,Index of /
sarcoma,http://mx5a6zo2vzhnnuazxz5fqwacwd7wnkbxziwty3gedipkbvfn3ngdniid.onion/,active,2026-01-09,Index of /
sarcoma,http://n4axoeoemdqamjhicytqnebburiwbmvviqyltoqtljoancodgijw32yd.onion/,active,2026-01-09,Index of /
sarcoma,http://nfh5wuh4gvbai237npdu672xmx2di2lo7pcwu6th2a7kzgue2fnhhdad.onion/,active,2026-01-09,Index of /
sarcoma,http://nzqvpyyznsn4c3ubidcpywr5iqtnjn3lkcsafnjtsmozowmbjforgeqd.onion/,active,2026-01-09,Index of /
sarcoma,http://ob4kfkvgqxbiddrhzlq2yhlyfpdmnro4yptt24drsjvcekczjjaf5myd.onion/,active,2026-01-09,Index of /
sarcoma,http://obqwjnaur6r4lpwjbgmalazy6j5d6fgliimdlipjvdomhbodm2lmidqd.onion/,active,2026-01-09,Index of /
sarcoma,http://p6b2xarot2rng6v6unlb72jtydw7tklqtyrsrhg6jdr5gaass5uk2vad.onion/,active,2026-01-09,Index of /
sarcoma,http://pauppf2nuoqxwwqqshaehbkj54debl7bppacfm5h6z6zjoiejifezhad.onion/,active,2026-01-09,Index of /
sarcoma,http://pcgkekcyyzl465rqt4mpezjkjdkoxgb7c4j6nbb6rn4gnw7zme24lrad.onion/,active,2026-01-09,Index of /
sarcoma,http://pgyarykjxofanc7x37qx6am6me4geeebiqh76fslda5jshhup4yljvyd.onion/,active,2026-01-09,Index of /
sarcoma,http://plvvaggo6jjl2wy5dixn2knj4kuypquxfauijigke6qtx3ixjfitglid.onion/,active,2026-01-09,Index of /
sarcoma,http://qccbb75hak6ze6rsm344rx73lh7rk6caha2hvleyopejhtgagxjyioqd.onion/,active,2026-01-09,Index of /
sarcoma,http://qhzy4ur5atch5orjkd2h3x34kwqbswqzqnllaij4crl3v2mnrj7aouyd.onion/,active,2026-01-09,Index of /
sarcoma,http://qxbuog46z72pycrwfaedafqy5dodyrt46ucfs4p5vaaigxtudtwerpyd.onion/,active,2026-01-09,Index of /
sarcoma,http://qysbb5qdwpxsimtrsbehqc75q4b2lw6m4imtnswgmbsq2mw4ulvxevqd.onion/,active,2026-01-09,Index of /
sarcoma,http://r3yes535gjsi2puoz2bvssl3ewygcfgwoji6wdk3grj3baexn2hha2id.onion/,active,2026-01-09,Index of /
sarcoma,http://riuxxxbufgx5z53gww432mf5jvh2o7mfh22hvmpdw4ksutd6dflj7byd.onion/,active,2026-01-09,Index of /
sarcoma,http://rlwqssdty3mmlxla2h4iviv32qtig54nxw7ww3wt2bmxp74a3qmo75ad.onion/,active,2026-01-09,Index of /
sarcoma,http://rs3icoalw6bdgedspnmt6vp2dzzuyqxtccezmta2g5mlyao64len7dyd.onion/,active,2026-01-09,Index of /
sarcoma,http://rsrcywwt7b53kw2lsioilnfrrs2lixt4nttzpcli74fjvfk4kqbfh5qd.onion/,active,2026-01-09,Index of /
sarcoma,http://rup34myhoxqzm5m2jcstdwxl2wgjvournnyiysghyef6wjdyk3ets6qd.onion/,active,2026-01-09,Index of /
sarcoma,http://rzsqkmwfyprkqslslcf4lscqk7x24xzbxamm5jcsqqhj3vrvkdtp4did.onion/,active,2026-01-09,Index of /
sarcoma,http://sarcomawmawlhov7o5mdhz4eszxxlkyaoiyiy2b5iwxnds2dmb4jakad.onion,active,2026-01-09,Sarcoma Group
sarcoma,http://sbgsnuet6t7kle4tfmgsvgebaqgxab3lrslg6vjeabphzq7jx5232byd.onion/,active,2026-01-09,Index of /
sarcoma,http://sfhvr7ecppro35ch6vhrzgwtdtv3ehxem6p2thnwlgursr5vdre2nhid.onion/,active,2026-01-09,Index of /
sarcoma,http://sgwmhbj7y2hehzzkt6fwvj23gjkzsvvhae2f3haavxjbi35tibnhpayd.onion/,active,2026-01-09,Index of /
sarcoma,http://t3ym2cemf625rd5slz5ifp2jz2ldntmlbn74i5joebg6c74fmnpmuyqd.onion/,active,2026-01-09,Index of /
sarcoma,http://tbkqp6pbl7uq2ymiii2jqzbre5igk2xtaruzm7fcdtstmufsssekukid.onion/,active,2026-01-09,Index of /
sarcoma,http://tfeijfoxmvqcoqjz2nvgfblxge27fyiy2k2fshiiccyrdz4kfiwaziid.onion/,active,2026-01-09,Index of /
sarcoma,http://tg6cr3uyeakbug6jt4oeaxbcpu4urdpm7ksk6uk7sdwg3walnqcwftqd.onion/,active,2026-01-09,Index of /
sarcoma,http://tlntayu7wbtcqxtumbqh4x2vzurw7ybpuhtozusbxuqggcwmnisd7vid.onion/,active,2026-01-09,Index of /
sarcoma,http://tr2w7zxx2clrckh4mr6aupyennkngrz2bfuohpdzeifajgeqg6rtxxyd.onion/,active,2026-01-09,Index of /
sarcoma,http://tszizx6qdi4uva2jbfg5z2mhdaqh3iduk57obi7hg4m6omta3aymrzad.onion/,active,2026-01-09,Index of /
sarcoma,http://tzmfdwducfvlh6ie4juo6ovgft3qwxgf5q7dxca57fqalpn6zsed3lad.onion/,active,2026-01-09,Index of /
sarcoma,http://ufwlfce4qkiqsda7e2mhaibgyyi6jfjhu55j7uoq6bh3kmue7pc34iid.onion/,active,2026-01-09,Index of /
sarcoma,http://uhf6vmrgiqsvytiunb3tustswyhc2nz5aiax3viusb6i2v427pncylqd.onion/,active,2026-01-09,Index of /
sarcoma,http://wi5q5npnch6fy5y7m4jtjznrydzyhtp6ik4j5swrdsehdwtvv3akleqd.onion/,active,2026-01-09,Index of /
sarcoma,http://wphvg3uizhfblnuuwyz35nhfpgz254lj3iwd2jrtl2oce6qvmlwpl2id.onion/,active,2026-01-09,Index of /
sarcoma,http://wsl6ouwdqk62yhddt2rvy6i7jzdegbufklfp6hdpgxn6vmwqlsqy23id.onion/,active,2026-01-09,Index of /
sarcoma,http://xcvwsc3suebephhxxffjp5odqwspdaylgsyoxc3pdwjmnnl4yhtjrkad.onion/,active,2026-01-09,Index of /
sarcoma,http://xik5pf7gejiffbapos223f4q7l5pdwv6xwag6irgkltx2lu6wfnglaqd.onion/,active,2026-01-09,Index of /
sarcoma,http://y2vv2zvegnvv7uwr5saye4enthgq3ghlhomu5a3nshgwih4phn6qusyd.onion/,active,2026-01-09,Index of /
sarcoma,http://ycgedgigkqoeabmpnpwwbqojcgldekrjraaeeo4litevj5bvp7dtmrid.onion/,active,2026-01-09,Index of /
sarcoma,http://yjri5fg3bw7gqw2c7qgx2ytccmfrghwqyuavsneih34tph7ywuwj2did.onion/,active,2026-01-09,Index of /
sarcoma,http://ykg6a32ed546jveyot236w6cst5xahji4bhnxx4qv6b7wdqrwa3rhmqd.onion/,active,2026-01-09,Index of /
sarcoma,http://yry66r4til42vxubkqpy5wo75mshv7pcaqtbg4rzl55bs55yzav73uyd.onion/,active,2026-01-09,Index of /
sarcoma,http://zaie6jcetdtqhi5epab45wzginog4kuo4sx4nwr4ydkdby76b5ri3xqd.onion/,active,2026-01-09,Index of /
sarcoma,http://zgu66qoreyw4tx7bmtus6gcz7at5ufiqhgyswfnprbwvpcjw4mows7id.onion/,active,2026-01-09,Index of /
sarcoma,http://zncifh3szqf6awg3o33qyoi43tzjaakcjmmhuytii5bsl33wwblt7yid.onion/,active,2026-01-09,Index of /
sarcoma,http://zp6bziy6wljpkg6i3uxzzcxyajodxzoc7acf5egb2vhzzrot23y3mpyd.onion/,active,2026-01-09,Index of /
sarcoma,http://zrqe3dtolmluwzbwgktss4habzra3yv67kc35zhoccyj57xf5kuo4ead.onion/,active,2026-01-09,Index of /
sarcoma,http://zyzmgujsdh4xjmxjf4j6riqn4s52jfpiurcpabk5uxfitmz4pusaueqd.onion/,active,2026-01-09,Index of /
satancd,http://mzg4llxp4kaf4qq5s4hlentf45rjda3mzev3j6hlh2endarc2k6z6oyd.onion/satancd-room,active,2026-01-09,Server Under Maintenance
satanlock,http://tzhwmgguyxrg6q3tu4q3gvopcjynrhw6ryx2bdl5ghisdkyunfua5xyd.onion/,active,2026-01-09,SatanLock V2 Leaks
scattered lapsus$ hunters,https://breachforums.hn/,active,2026-01-09,This Domain Has Been Seized
secp0,http://2a6w667vebiebciji7vm3vj43svegvozoqypttdgojzgdcbnfsu5wiid.onion/,active,2026-01-09,404 Not Found
secp0,http://bhn2xz5jer2xeibxjzhgfp7qclttnbvkkvd4hvlmjbnz66jxq7yzn6ad.onion/,active,2026-01-09,404 Not Found
secp0,http://secponewsxgrlnirowclps2kllzaotaf5w2bsvktdnz4qhjr2jnwvvyd.onion/,active,2026-01-09,SECP0 News
secp0,http://secponewsxgrlnirowclps2kllzaotaf5w2bsvktdnz4qhjr2jnwvvyd.onion/files/12b3429e1124122e/,active,2026-01-09,SECP0 News - /files/12b3429e1124122e/
secp0,https://secp0-news.ws/,active,2026-01-09,SECP0 News
secp0,https://secp0-support.cfd/,active,2026-01-09,404 Not Found
securotrop,http://securo45z554mw7rgrt7wcgv5eenj2xmxyrsdj3fcjsvindu63s4bsid.onion/,active,2025-12-09,
sinobi,http://blog.sinobi.us.org/leaks,active,2026-01-09,Sinobi
sinobi,http://cdn.sinobi.us.org/,active,2026-01-09,
sinobi,http://chat.sinobi.us.org/,active,2026-01-09,Sinobi
sinobi,http://sinobi23i75c3znmqqxxyuzqvhxnjsar7actgvc4nqeuhgcn5yvz3zqd.onion/leaks,active,2026-01-09,Sinobi
sinobi,http://sinobi57mfegeov2naiufkidlkpze263jtbldokimfjqmk2mye6s4yqd.onion/login,active,2026-01-09,Sinobi
sinobi,http://sinobi6ftrg27d6g4sjdt65malds6cfptlnjyw52rskakqjda6uvb7yd.onion/leaks,active,2026-01-09,Sinobi
sinobi,http://sinobi6rlec6f2bgn6rd72xo7hvds4a5ajiu2if4oub2sut7fg3gomqd.onion/leaks,active,2026-01-09,Sinobi
sinobi,http://sinobi6ywgmmvg2gj2yygkb2hxbimaxpqkyk27wti5zjwhfcldhackid.onion/leaks,active,2026-01-09,Sinobi
sinobi,http://sinobi7sukclb3ygtorysbtrodgdbnrmgbhov45rwzipubbzhiu5jvqd.onion/leaks,active,2026-01-09,Sinobi
sinobi,http://sinobi7yuoppj76qnkwiobwfc2qve2xkv2ckvzyyjblwd7ucpptl62ad.onion/login,active,2026-01-09,Sinobi
sinobi,http://sinobia6mw6ht2wcdjphessyzpy7ph2y4dyqbd74bgobgju4ybytmkqd.onion/leaks,active,2026-01-09,Sinobi
sinobi,http://sinobibdvzohujkliofkxiz3ueyedfh6bed2lzjz2z6pafw5jeoptsid.onion,active,2026-01-09,Sinobi
sinobi,http://sinobibjqytwqxjw24zuerqcjyd3hoow6zia7z6kzvwawivamu7nqayd.onion/login,active,2026-01-09,Sinobi
sinobi,http://sinobicrh73ongfuxjajmlyyhalvkhlcgttxkxaxz3gvsgdcgf76uiqd.onion/login,active,2026-01-09,Sinobi
sinobi,http://sinobidxodgt4jsr3tlmf2rr4okjvvwfp5gh3lrqxnowomcx62ssrhqd.onion,active,2026-01-09,Sinobi
sinobi,http://sinobiea4snfqtkc43paumapo4oi7vxcy5vjzfoalunsnvzehozfhpyd.onion,active,2026-01-09,Sinobi
sinobi,http://sinobihmkmncjubqin5u44vso3z2zongdmmtgle7eglskjmfb6u74rad.onion/,active,2026-01-09,
snatch,http://mydatassuperhero.com/,active,2026-01-09,
space bears,http://5butbkrljkaorg5maepuca25oma7eiwo6a2rlhvkblb4v6mf3ki2ovid.onion/,active,2026-01-09,Space Bears
team underground,http://47glxkuxyayqrvugfumgsblrdagvrah7gttfscgzn56eyss5wg3uvmqd.onion/,active,2026-01-09,All data | Underground store
the gentlemen,http://tezwsse5czllksjb7cwp65rvnk4oobmzti2znn42i43bjdfd2prqqkad.onion/,active,2026-01-09,The Gentlemen
tooda,http://tooda.sh,active,2026-01-09,Suspected phishing site | Cloudflare
toufan,https://toufanleaks.org/,active,2026-01-09,Cyber Toufan
tridentlocker,http://tridentfrdy6jydwywfx4vx422vnto7pktao2gyx2qdcwjanogq454ad.onion,active,2026-01-09,TridentLocker
tridentlocker,http://tridentfrdy6jydwywfx4vx422vnto7pktao2gyx2qdcwjanogq454ad.onion/articles,active,2026-01-09,TridentLocker
turkish crypter,http://vbzxvet5nbga7jblaksuorsrvdsoe2x5youwadt7ywywpqzbliwfzmid.onion,active,2026-01-09,403 Forbidden
vanir group,http://6xdpj3sb5kekvq5ulym5qqmzsv6ektjgvpmajns3qrafgxtyxrhokfqd.onion,active,2026-01-09,THIS HIDDEN SITE HAS BEEN SEIZED | Vanir Locker Ransomware
vanir group,http://6xdpj3sb5kekvq5ulym5qqmzsv6ektjgvpmajns3qrafgxtyxrhokfqd.onion/assets/index-6d8af759.js,active,2026-01-09,404 Not Found
vect,http://bu7zr6fotni3qxxoxlcmpikwtp5mjzy7jkxt7akflnm2kwkbdtgtjuid.onion/,active,2026-01-09,VECT RANSOMWARE // DATA ARCHIVE
vulcan,http://dreadytofatroptsdj6io7l3xptbet6onoyno2yv7jicoxknyazubrad.onion/post/99fb65e2253ca3b34b83,active,2026-01-09,Looking for affiliates | VulcanRansomTeam : /d/malware - Dread
waissbein,http://samu747og2fgxujardbhkp5f5dkoprzyeithz4ob3g5dfvdvmzvp23yd.onion/,active,2026-01-09,Index of /
waissbein,http://syympi25sxgm55kyk5wkktns2why6q3ubscpnwqxepdkrmifxjvjd7qd.onion/,active,2026-01-09,Index of /
walocker,http://am7hswbi46e3ozxec3msxwwzxebkfulsgonhv5kndzeryc2pu46sxmad.onion/,active,2026-01-09,Notice
walocker,http://weepangrbqjfsxd2noz4bmolztnqsma3vw4c6qfnbfusadzd2m26emqd.onion/index.php,active,2026-01-09,W.A. - Index
warlock,http://ocwjy4ynmpbbzhumh2ama2vl3bc77lf5auqf7nf4k45lbmzoep2rbyid.onion/,active,2026-01-09,
warlock,http://warlock4fagqhnfuxtcmncfepe3jc33e33dmj2jsk64svxaerm5zhaqd.onion,active,2026-01-09,WarLock Client Data Leak Show
warlock,http://warlock5zli2g4nuvixkgyivpda4ktg6flx5lbtw3u6g5lidgxzjc6id.onion,active,2026-01-09,WarLock Client Data Leak Show
warlock,http://warlock6d4etw5gwwaakh6auh6cwkinhk2bx7bbldu4m5axlcwmbuuyd.onion,active,2026-01-09,WarLock Client Data Leak Show
warlock,http://warlockhga5iw3t54ps5iytlilf7hlvxy7kwrkidspn4qoh64s4vsuyd.onion,active,2026-01-09,WarLock Client Data Leak Show
warlock,http://warlockmdu64clit5pdwbp5hsd576vcjjigfwbtz5gtthmuy2fiqblad.onion,active,2026-01-09,WarLock Client Data Leak Show
warlock,http://warlockoact3ayzqwlnay27b633bku2gmpq34dxb43v3qriujfea4yyd.onion,active,2026-01-09,WarLock Client Data Leak Show
warlock,http://warlockoact3ayzqwlnay27b633bku2gmpq34dxb43v3qriujfea4yyd.onion/,active,2026-01-09,WarLock Client Data Leak Show
warlock,http://zfytizegsze6uiswodhbaalyy5rawaytv2nzyzdkt3susbewviqqh7yd.onion/,active,2026-01-09,WarLock Client Data Leak Show
werewolves,https://weerwolven.biz/en/ ,active,2026-01-09,
werewolves,https://werewolves.pro,active,2026-01-09,Default Web Site Page
weyhro,http://weyhro.hk,active,2026-01-09,Just a moment...
wiper leak,https://discord.com/invite/jjZQdDNnG,active,2026-01-09,Discord
